12,0,5,10,17,8400,8439,8463,8473,8242,8300,8306,8347,3859,3117,3109,2055,0,0,3364,14,4
429,3,2,4,141,8100,9923,8139,8138,8135,8000,9101,9104,1055,3006,3153,3086,1042,0,3363,3,4
245,2,3,3,177,8100,8112,8143,8138,8135,8300,8316,8352,2033,3100,3152,3111,0,0,3340,4,12
64,4,4,4,11,8000,8010,9111,9105,8014,8300,8347,8304,2031,0,1412,2422,3071,1033,3340,11,4
41,1,5,6,165,8400,8437,8446,8473,8453,8300,8345,8352,0,2033,3078,3047,1033,3508,3340,4,12
517,4,11,4,33,8400,8439,8446,8429,8453,8300,8316,8347,3860,3152,2055,3024,3047,1029,3364,4,14
4,3,12,1,162,8300,8358,8304,8345,8352,8400,8473,8451,2033,3030,2055,3078,3041,2422,3363,4,14
21,9,9,0,168,8000,8005,9101,9103,8017,8200,8275,8236,1055,3508,2055,3031,3006,0,3363,4,7
24,1,3,2,139,8000,8010,9111,9105,8299,8300,8352,8345,2033,3047,3078,3067,0,0,3340,4,12
121,10,7,3,15,8100,8128,8143,8138,8135,8300,8304,8347,1400,3142,2031,3147,0,2422,3364,11,4
24,3,0,5,124,8000,8010,9111,9104,8299,8300,8352,8345,1055,2033,3047,3078,3123,1028,3340,4,12
432,0,12,4,22,8100,8112,8126,8138,8106,8300,8313,8347,3742,1033,3853,2055,0,3117,3364,14,4
112,7,3,4,179,8100,8112,8139,8138,8135,8200,8226,8210,3198,1056,3020,3089,2055,1052,3340,4,7
119,2,7,3,131,8100,9923,8139,8138,8105,8000,9104,8014,1055,3134,3004,3123,3006,3134,3340,4,7
59,4,9,4,10,8000,8010,9111,9105,8299,8300,8304,8347,2055,3193,2031,3047,1029,1413,3364,11,4
3,4,4,1,160,8400,8439,8401,8473,8451,8200,8236,8275,3111,3152,3157,1026,1028,1056,3364,4,12
235,4,9,5,25,8300,8351,8304,8345,8410,8000,9104,8009,3864,3179,3009,3134,1028,1037,3364,3,4
16,0,11,5,96,8200,8214,8226,8210,8237,8400,8453,8444,3801,3174,0,3158,3114,1052,3363,7,4
64,7,8,2,11,8000,8010,9111,9105,8014,8300,8304,8347,2421,0,1412,3047,3071,0,3340,11,4
126,5,12,3,162,8000,8010,9111,9103,8017,8300,8304,8345,2421,3071,3142,3047,3134,1033,3340,4,12
120,8,5,4,150,8000,8010,8009,9105,8299,8200,8275,8234,3082,2033,1011,3047,3110,3078,3363,6,14
268,1,6,7,207,8000,8008,8009,9104,8014,8200,8226,8210,1001,1056,0,3802,3089,3115,3340,4,12
60,6,6,3,47,8100,8112,8143,8138,8135,8200,8275,8232,1402,3157,3020,3165,1082,1033,3364,4,11
238,7,8,4,256,8000,8010,8009,9104,8299,8100,8139,8106,3142,3134,1055,3158,3033,3071,3364,14,4
25,4,10,3,45,8400,8465,8446,8473,8453,8300,8313,8345,3157,3860,2055,3047,3105,3024,3364,3,4
79,1,7,3,25,8400,8439,8463,8473,8453,8300,8313,8345,3860,3109,2424,1057,3111,3024,3364,4,3
157,4,2,6,220,8000,8010,9111,9104,8014,8100,8139,8135,3031,3091,0,3046,3006,0,3363,4,3
62,4,5,5,166,8000,8010,9111,9105,8299,8300,8304,8345,3105,3071,3153,3123,3047,1053,3340,4,12
76,3,6,3,15,8100,8128,8143,8136,8135,8200,8275,8232,3100,1414,3174,0,0,3111,3364,4,11
39,8,3,9,206,8000,8010,9111,9103,8299,8300,8352,8345,3047,2055,3153,3078,3052,1028,3363,14,4
432,2,2,3,32,8400,8465,8463,8473,8453,8100,8136,8105,3860,2031,3801,2055,3009,3742,3364,4,3
48,3,2,3,144,8000,8010,9111,9104,8299,8300,8304,8345,3153,3123,3111,3025,1033,1055,3340,12,4
427,0,4,2,19,8200,8214,8275,8210,8236,8300,8321,8347,1039,3107,2055,3174,3158,1082,3364,11,7
131,1,2,4,144,8000,8010,9111,9104,8014,8400,8401,8444,3115,0,0,3027,1082,1001,3363,4,14
429,0,2,4,211,8100,9923,8139,8138,8135,8000,9101,9104,2055,3085,3153,3006,1055,1036,3363,7,4
523,8,6,1,211,8000,8010,9101,9103,8014,8200,8275,8236,3006,3031,3085,0,3046,1055,3363,4,7
412,1,10,0,35,8400,8439,8446,8473,8451,8300,8313,8347,3117,3857,0,3107,3067,1029,3364,4,14
64,3,9,0,23,8000,8010,9111,9104,8014,8100,8138,8135,3071,0,3111,0,1029,1412,3340,11,4
57,1,11,3,86,8400,8437,8446,8473,8451,8200,8226,8210,2031,1054,3047,1057,3068,1028,3363,12,4
8,3,5,2,202,8200,8230,8275,8210,8236,8100,8139,8135,1056,2420,3152,3158,3191,3108,3340,14,4
43,1,13,5,21,8200,8229,8226,8233,8237,8300,8313,8345,3853,3107,3114,2055,3117,3174,3364,4,14
92,7,4,2,196,8000,8010,9111,9104,8299,8300,8321,8347,1055,3812,3123,3071,1055,3047,3363,4,12
157,5,3,3,188,8000,8010,9111,9104,8014,8100,8139,8135,1053,0,1029,3046,3031,3006,3363,4,14
110,3,9,5,152,8200,8229,8275,8233,8237,8300,8345,8352,2033,3179,3142,3158,3123,2055,3363,4,7
20,7,11,1,15,8400,8439,8463,8429,8453,8000,9111,9105,3065,3076,0,3047,1413,3109,3364,4,11
268,4,3,7,188,8100,8112,8139,8120,8135,8000,8009,9104,1058,3157,0,3020,3115,1056,3363,4,3
350,2,8,3,2,8200,8214,8226,8210,8237,8000,8009,8017,3114,3174,1082,3853,3113,0,3364,3,7
81,3,7,5,176,8000,8010,8009,9104,8014,8300,8304,8347,1055,3042,3105,3158,3133,3025,3363,4,12
59,5,4,3,24,8000,8010,9111,9105,8299,8100,8136,8135,3143,1413,2421,3047,3076,1057,3364,4,11
122,2,2,5,154,8000,8010,9111,9104,8299,8200,8234,8275,3078,3076,1029,1055,3047,1028,3340,6,4
106,0,9,4,50,8400,8439,8463,8473,8242,8300,8306,8316,3857,2065,3801,2055,3009,3024,3364,4,3
64,5,5,13,29,8000,8010,9111,9104,8014,8100,8139,8134,1412,3179,0,3117,1028,3134,3340,11,4
69,5,4,11,181,8200,8230,8226,8210,8237,8100,8139,8135,3040,0,1026,3165,2421,3108,3363,4,7
266,6,3,10,152,8000,8010,9111,9105,8299,8400,8451,8444,2055,3047,3071,3812,3065,1054,3364,4,12
222,4,6,5,195,8000,8008,8009,9103,8014,8200,8233,8236,1018,3006,3094,3031,3123,1038,3363,7,4
875,4,4,6,119,8000,8010,9111,9104,8299,8400,8446,8444,2055,1054,3153,3047,3123,3078,3363,14,4
16,1,21,2,24,8200,8214,8226,8210,8237,8400,8473,8453,3853,3158,3174,3504,3801,3114,3364,4,7
85,16,8,4,223,8000,8010,9111,9104,8014,8100,8139,8135,3907,3152,3157,3020,3102,1026,3364,12,4
203,12,14,5,27,8000,8010,9111,9104,8014,8200,8275,8232,3071,3144,3085,3047,1412,1043,3364,11,4
42,10,11,4,179,8000,8021,8009,9103,8014,8300,8345,8304,3020,3078,3042,3094,1018,1055,3340,12,4
110,4,9,7,157,8200,8229,8226,8210,8236,8000,8009,8014,2033,3142,3158,3134,1028,3179,3363,4,12
30,8,8,11,31,8100,8128,8126,8138,8135,8300,8304,8347,1402,3089,0,3020,3165,0,3364,4,11
62,3,5,6,202,8000,8010,9111,9104,8299,8300,8304,8345,3077,0,3123,3812,3047,3071,3340,12,4
875,4,4,10,129,8200,8230,8275,8234,8232,8400,8451,8473,1055,1055,3153,3047,3067,3044,3340,4,14
161,5,7,9,25,8200,8229,8226,8210,8236,8100,8126,8105,3136,1026,3905,3853,2055,3117,3364,21,4
79,5,16,6,24,8400,8439,8463,8473,8453,8300,8313,8345,3859,3193,3800,2055,3158,3067,3364,4,3
21,7,12,7,176,8000,8005,9101,9103,8014,8200,8275,8236,3155,3508,3140,1055,3031,3006,3363,7,4
266,11,6,2,192,8000,8010,9111,9105,8299,8400,8473,8453,3812,3053,3071,0,3047,0,3363,4,12
421,11,9,3,25,8100,9923,8126,8138,8105,8200,8275,8232,1400,3111,3026,3071,3155,0,3364,4,11
105,9,9,6,162,8100,8112,8143,8138,8106,8300,8316,8352,2033,3152,3157,3158,3100,2055,3364,4,14
86,0,1,4,97,8000,8010,9111,9105,8014,8200,8275,8234,1054,2031,3044,3101,3006,0,3340,14,4
42,3,2,7,122,8000,8008,8009,9103,8014,8300,8304,8345,1054,1083,3004,1028,3057,2422,3340,12,4
432,0,11,5,16,8400,8465,8463,8473,8453,8100,8105,8126,3009,1031,1011,3859,0,0,3364,14,4
81,4,2,3,112,8000,8010,8009,9103,8014,8200,8226,8210,2031,3042,3057,3158,1055,3024,3340,7,4
104,5,4,4,23,8200,8230,8275,8233,8232,8000,9111,9104,3071,0,0,0,1412,3047,3364,11,4
131,11,2,2,123,8000,8010,9111,9104,8299,8100,8143,8135,1056,1058,1058,3115,3027,3020,3364,4,14
110,5,6,3,109,8200,8229,8226,8210,8237,8300,8345,8352,2033,1055,3179,1001,3814,1036,3340,4,7
203,3,8,4,18,8000,8010,9111,9104,8014,8100,8143,8105,3153,1412,2031,0,1001,0,3513,11,4
555,3,8,2,24,8400,8439,8446,8473,8242,8000,9111,9105,3117,3179,3855,3134,2055,1036,3364,14,4
266,1,3,1,136,8000,8010,9111,9104,8299,8400,8446,8473,1083,3047,3071,1054,3035,1036,3340,12,4
240,1,1,7,111,8000,8010,9111,9104,8299,8200,8236,8210,3077,1055,3117,3134,0,1037,3340,4,14
81,2,0,1,134,8000,8010,9111,9103,8014,8300,8313,8345,1055,2424,3004,3057,3158,3123,3340,7,4
62,2,2,4,119,8000,8010,9111,9105,8299,8400,8473,8446,1053,1055,3078,3134,1001,0,3340,4,12
104,2,0,3,25,8200,8230,8275,8233,8232,8000,9111,9104,2031,3067,1036,3044,1412,3047,3364,11,4
50,0,4,2,24,8100,8112,8126,8138,8106,8200,8210,8237,3859,3136,1001,2055,1026,0,3364,4,14
497,1,4,1,21,8400,8465,8446,8473,8242,8200,8275,8236,3860,3050,2031,3158,3114,2055,3364,4,14
203,0,2,3,3,8000,8005,9111,9104,8014,8100,8143,8105,1412,3047,2055,1036,1036,0,3364,11,4
164,6,2,1,148,8000,8010,9111,9104,8299,8300,8304,8345,2055,3078,3074,1055,1055,3047,3340,4,12
236,2,3,1,162,8000,8005,9101,9104,8014,8200,8275,8236,3153,3133,3006,0,1038,1055,3363,4,7
245,8,2,1,135,8100,8112,8143,8138,8135,8200,8233,8236,2033,3152,1056,1082,3100,3020,3340,4,12
84,5,7,6,133,8000,8021,8009,9105,8014,8300,8316,8352,3146,2055,1054,3165,3020,3191,3340,12,4
203,8,4,8,50,8000,8005,9111,9104,8014,8100,8143,8105,3153,1412,3071,3006,1036,0,3364,11,4
875,3,4,8,167,8000,8010,9111,9105,8299,8400,8473,8453,3078,3153,3123,0,0,3111,3340,4,12
21,8,6,7,180,8000,8005,8009,9103,8014,8200,8275,8236,3033,3031,3508,2055,3006,0,3340,7,4
40,2,9,11,13,8200,8229,8226,8210,8237,8400,8473,8453,1082,3114,3853,3905,3009,2055,3364,14,4
45,10,7,6,132,8100,8112,8139,8120,8135,8200,8226,8210,2031,0,3030,3089,3020,3916,3363,4,12
432,4,21,3,37,8400,8465,8463,8473,8453,8100,8136,8105,0,3174,3009,2015,3742,3860,3364,3,4
81,11,9,7,182,8000,8010,8009,9103,8014,8300,8304,8345,1055,3153,3158,3025,3042,3105,3363,12,4
266,7,12,4,135,8000,8010,9111,9105,8299,8400,8473,8453,3047,2421,2055,3071,3812,0,3340,4,12
76,8,14,7,28,8100,8128,8143,8138,8135,8300,8304,8347,1414,0,3157,3047,3174,3057,3364,4,11
89,0,21,6,35,8400,8439,8446,8473,8451,8300,8316,8313,1031,3117,3193,3067,3857,0,3364,4,3
516,2,10,5,146,8400,8437,8446,8473,8451,8300,8345,8304,3373,3379,1029,3076,1029,3047,3340,4,12
104,3,13,10,63,8200,8230,8275,8233,8232,8000,9111,9104,1412,3388,3179,0,3047,1036,3364,4,11
134,15,9,10,181,8100,8112,8139,8138,8135,8200,8226,8210,3157,3089,3030,3020,3100,0,3363,4,12
164,13,8,4,193,8000,8010,9111,9103,8014,8400,8401,8473,3074,3384,2421,3812,1038,3047,3364,4,14
111,3,16,9,35,8400,8439,8446,8473,8451,8300,8313,8316,3050,3067,3860,3111,2055,3193,3364,14,4
245,6,13,2,217,8100,8112,8143,8138,8135,8200,8233,8236,3152,3157,1026,1082,3111,3100,3340,12,4
64,13,12,6,19,8000,8010,9111,9104,8014,8300,8304,8347,3026,1412,2055,3812,3111,3071,3340,11,4
429,9,8,10,168,8100,9923,8143,8138,8135,8000,9101,9104,3153,3139,3123,3006,1036,3085,3363,4,3
875,4,10,6,172,8000,8010,9111,9105,8299,8400,8444,8453,3133,2421,3105,3153,3071,3047,3340,4,12
266,2,3,2,176,8000,8010,9111,9105,8299,8400,8444,8451,3812,3071,3047,0,0,1054,3363,12,4
69,0,4,6,171,8000,8010,8009,9105,8014,8100,8139,8135,3040,2031,1056,1052,1056,1026,3340,4,14
141,4,3,7,55,8000,8010,9111,9105,8014,8100,8138,8135,1412,3143,3065,3111,0,0,3364,11,4
350,0,11,5,25,8200,8214,8226,8210,8236,8000,8009,8017,3174,3107,3860,2055,1082,0,3364,3,7
110,5,5,7,151,8200,8229,8226,8210,8237,8300,8345,8352,3158,2033,3142,1036,3814,0,3363,12,4
60,4,10,4,23,8100,8112,8126,8136,8105,8200,8275,8232,3165,0,1029,1402,1082,3111,3364,11,4
432,1,16,4,33,8400,8465,8463,8473,8453,8100,8105,8136,3174,3107,3860,3117,2055,0,3364,14,4
18,7,7,0,201,8000,8005,9101,9103,8014,8300,8304,8345,1054,3031,3006,3046,3123,3094,3363,1,4
245,8,12,3,156,8100,8112,8143,8138,8135,8300,8316,8304,3089,1056,3152,3020,3100,0,3364,14,4
41,7,9,0,174,8400,8437,8446,8473,8453,8300,8345,8352,2033,3078,3123,3047,0,3031,3340,12,4
203,0,3,7,26,8000,8005,9111,9104,8014,8100,8143,8105,3153,3044,2031,0,1001,1412,3364,11,4
25,2,4,6,162,8200,8229,8275,8210,8237,8300,8313,8345,3030,3157,3020,1056,1026,1028,3363,12,4
235,2,5,5,30,8400,8437,8446,8473,8453,8000,8009,9104,0,3022,3864,3044,3009,1028,3364,7,4
43,2,5,7,213,8200,8214,8226,8210,8236,8300,8304,8347,3158,3174,3504,0,3089,1052,3363,4,12
6,7,0,4,211,8000,8005,9111,9105,8299,8400,8473,8451,2420,3812,3071,3047,3123,3194,3364,4,12
24,6,2,3,193,8000,8005,9111,9105,8014,8300,8304,8352,2033,3153,3052,3078,1028,3047,3340,4,12
81,12,7,2,237,8000,8010,8009,9103,8014,8200,8210,8226,3042,3140,3153,3158,1054,3078,3363,4,12
268,5,9,4,208,8000,8008,8009,9104,8014,8200,8226,8210,1056,3157,2420,3020,3151,3115,3363,12,4
141,5,11,1,26,8100,8128,8143,8138,8105,8200,8275,8236,1400,3077,3142,3123,3117,3134,3363,4,11
111,1,12,3,30,8400,8439,8446,8444,8451,8300,8316,8313,3860,3193,0,3109,3009,0,3364,4,14
31,5,1,6,150,8100,8128,8126,8138,8106,8000,8009,8014,1056,1056,3152,3285,2055,3020,3364,3,4
235,4,6,13,26,8300,8351,8313,8345,8347,8000,8009,9103,1001,3814,1036,3864,2055,3179,3363,7,4
41,1,4,3,153,8400,8437,8446,8473,8451,8300,8345,8352,3078,2033,1038,3133,3047,1083,3340,4,12
517,7,5,7,145,8000,8010,8009,9105,8299,8300,8352,8345,2033,3152,2421,3285,3108,3020,3340,4,12
104,4,6,7,25,8200,8230,8275,8234,8232,8000,9111,9104,1400,3179,3067,3006,1028,2055,3364,4,11
119,14,7,4,184,8100,9923,8139,8138,8105,8000,8009,9103,3042,3094,3006,1053,3134,3142,3363,4,7
43,5,20,5,23,8200,8214,8226,8210,8237,8300,8345,8347,3158,3174,3853,1058,3504,3041,3364,4,14
30,6,8,5,16,8100,8128,8126,8138,8135,8300,8304,8347,1402,0,3157,3020,1058,3041,3340,11,4
85,1,5,4,193,8000,8010,9111,9104,8014,8100,8139,8135,3907,3152,1026,0,1055,3020,3340,12,4
39,10,5,3,149,8000,8010,9111,9104,8014,8300,8345,8352,2033,3153,1001,3091,3044,3067,3340,14,4
41,2,6,6,151,8400,8437,8446,8473,8451,8300,8352,8345,2033,3078,3133,3047,1038,3123,3340,4,12
245,3,2,6,13,8100,8128,8143,8138,8135,8300,8304,8321,3152,3057,1414,2422,1052,0,3364,4,11
21,4,2,3,151,8000,8005,9101,9103,8017,8200,8275,8236,1055,1037,3508,3006,1038,3123,3363,4,7
31,3,2,6,128,8200,8229,8226,8210,8232,8400,8473,8451,1056,3285,3067,0,1052,1001,3364,14,4
875,2,3,6,34,8300,8358,8306,8316,8347,8200,8275,8234,3857,3123,3742,3009,2055,0,3364,14,4
266,7,2,4,167,8000,8010,9111,9103,8299,8100,8139,8135,2031,0,3071,1054,3812,1001,3340,4,12
16,2,18,3,133,8200,8214,8226,8210,8237,8400,8473,8453,3504,1056,3107,3174,1056,3158,3363,4,21
2,8,11,3,12,8000,8010,9111,9104,8299,8400,8444,8453,1400,2055,3800,1001,1029,3065,3364,11,4
134,4,5,1,192,8200,8229,8226,8210,8237,8100,8139,8135,1056,3089,0,3916,3020,3030,3363,4,12
555,6,6,3,35,8400,8439,8446,8473,8242,8100,8106,8136,3142,3179,3855,2055,3117,1036,3364,4,14
412,2,3,2,38,8400,8439,8463,8473,8451,8300,8313,8347,3855,2424,1029,3109,1033,3117,3364,14,4
39,1,2,6,177,8000,8010,9111,9104,8299,8300,8345,8352,3047,2033,3153,3044,1055,1028,3340,4,12
427,0,5,4,20,8200,8214,8275,8210,8236,8300,8306,8347,3041,2031,0,1039,3504,3158,3364,11,4
517,3,1,4,117,8000,8010,8009,9105,8299,8300,8352,8345,2033,3152,1026,3020,3802,0,3340,4,12
523,2,1,2,171,8000,8010,9101,9103,8017,8200,8236,8275,1055,3006,3031,1083,3086,0,3363,4,7
134,4,6,1,158,8200,8229,8226,8210,8237,8100,8139,8135,1056,1056,2031,3020,3165,3030,3363,4,12
875,2,8,4,28,8300,8358,8306,8345,8352,8200,8275,8234,3009,2420,3857,0,3742,0,3364,4,14
157,6,4,0,156,8000,8010,9111,9104,8014,8100,8139,8135,1055,2055,1029,3046,3031,3006,3363,4,3
59,2,11,1,16,8000,8010,9111,9105,8299,8100,8136,8105,3193,1413,3047,2055,1028,0,3364,4,11
84,4,1,2,182,8000,8021,8009,9105,8014,8100,8139,8135,3146,2031,3916,1026,1056,3020,3364,4,12
115,0,11,4,194,8200,8229,8226,8210,8236,8300,8304,8345,1056,3285,0,3020,1052,3165,3363,12,4
875,4,6,3,172,8000,8010,9111,9105,8299,8400,8473,8446,1054,3009,3071,3123,3153,0,3340,12,4
20,2,15,3,17,8400,8439,8463,8429,8453,8000,9111,9105,3211,3067,0,3047,1413,3109,3364,4,11
21,19,7,4,187,8000,8005,8009,9103,8014,8200,8275,8236,1033,3508,3086,3006,3031,3072,3340,7,4
432,6,20,1,22,8400,8465,8463,8444,8453,8100,8105,8136,3222,3158,3859,0,3742,1028,3364,14,4
203,4,2,3,176,8000,8010,8009,9105,8299,8200,8224,8232,3111,3153,3091,1042,1054,1018,3364,14,4
69,1,9,8,123,8000,8010,8009,9105,8299,8100,8139,8135,3040,1056,3151,0,0,0,3363,4,7
8,3,4,3,199,8200,8230,8275,8210,8236,8300,8304,8347,3113,3152,3020,1058,3108,3089,3340,4,12
107,6,2,8,60,8000,8010,9111,9104,8014,8100,8143,8105,3035,3077,3142,3147,1041,3158,3364,4,11
154,1,7,9,41,8400,8439,8463,8429,8453,8300,8347,8304,2420,3860,3109,2055,3158,1031,3364,14,4
41,3,6,4,206,8400,8437,8446,8444,8451,8300,8345,8352,1037,3142,3047,3155,3078,1038,3340,4,12
16,1,16,6,11,8200,8214,8275,8210,8237,8400,8473,8453,3107,3853,2420,3158,2055,3174,3364,7,4
110,8,4,6,223,8200,8229,8226,8210,8237,8000,8009,8017,2033,3814,3142,3047,3147,3036,3363,21,4
154,5,10,5,36,8400,8439,8463,8429,8453,8100,8126,8135,3065,3076,2055,3047,1401,3109,3364,4,11
42,5,6,5,197,8000,8021,8009,9103,8014,8300,8304,8345,3031,0,3155,3042,3020,3078,3340,12,4
104,9,6,3,75,8200,8230,8275,8233,8232,8000,9111,9104,1412,3033,3812,3006,3071,2015,3364,11,4
235,2,15,5,24,8400,8437,8446,8473,8451,8000,8009,9104,3864,2055,3022,3009,3071,3123,3364,4,7
875,2,12,5,167,8400,8439,8463,8429,8451,8300,8313,8316,0,2424,3083,3075,3742,3047,3340,4,14
236,2,6,8,206,8000,8005,8009,9104,8014,8300,8304,8345,3031,3153,3508,3006,1042,0,3340,12,4
38,11,4,1,247,8000,8010,8009,9105,8014,8100,8139,8106,3157,3040,1026,3027,3020,3089,3364,4,12
53,1,2,1,32,8400,8439,8446,8473,8242,8300,8316,8313,0,3860,3193,3009,1031,0,3364,4,14
126,2,4,6,186,8200,8230,8226,8210,8236,8300,8345,8352,2033,3142,3047,3147,3134,1037,3363,4,12
96,3,5,7,164,8200,8230,8275,8210,8236,8000,8009,8014,3116,2033,3020,1026,3040,1052,3363,4,7
429,1,0,4,206,8100,9923,8139,8138,8106,8000,9104,9111,3153,3006,1055,3085,1053,0,3363,4,7
64,7,3,3,18,8000,8010,9111,9105,8014,8200,8275,8232,1028,1037,3071,3047,1412,3134,3340,4,11
67,8,3,0,169,8000,8005,9111,9104,8014,8100,8139,8135,1055,3153,3124,3006,1042,1042,3363,4,7
350,1,11,0,5,8200,8214,8226,8210,8236,8000,8009,8017,1004,3853,0,1004,3174,3504,3364,3,14
268,2,7,6,237,8200,8229,8226,8210,8237,8100,8139,8135,3020,3285,0,1056,1058,3115,3363,12,4
421,10,4,4,38,8100,9923,8126,8138,8105,8200,8275,8232,1400,3814,3026,1036,3047,1036,3364,4,11
41,0,8,4,189,8400,8437,8446,8444,8451,8300,8345,8352,2033,3142,3078,0,0,3047,3340,4,12
126,6,16,6,266,8000,8010,9111,9105,8299,8300,8304,8345,3142,3042,3814,3123,3047,3071,3363,4,12
45,9,13,1,242,8300,8351,8304,8345,8347,8100,8134,8139,3030,3905,3041,3157,3020,3089,3363,12,4
350,1,24,2,31,8200,8229,8226,8233,8237,8000,8009,8017,1082,3030,2055,3860,3174,2065,3364,14,3
35,1,17,4,18,8100,8128,8126,8138,8105,8000,9104,8014,3030,3151,3020,1402,1052,0,3364,14,11
555,12,6,6,170,8100,9923,8126,8138,8106,8400,8444,8453,3179,3142,3077,3111,3147,3814,3364,4,14
427,0,16,4,21,8200,8214,8275,8210,8232,8300,8347,8321,1039,3157,2421,3504,3174,3117,3364,4,11
111,1,8,6,35,8400,8439,8446,8473,8451,8300,8313,8316,3193,3860,3107,2055,0,3117,3364,14,4
62,8,6,8,256,8000,8010,9111,9104,8299,8300,8345,8352,3812,3026,1033,3047,3033,3078,3340,4,12
31,7,3,3,254,8200,8229,8226,8210,8232,8400,8473,8451,3157,3020,3152,1058,3285,1058,3364,14,4
202,3,8,8,215,8200,8229,8275,8233,8236,8000,8009,9103,3142,1055,3009,3123,3031,3094,3363,4,7
16,0,11,1,23,8300,8351,8313,8345,8347,8100,8136,8134,3905,3030,3860,0,1001,0,3364,4,7
110,4,6,3,213,8000,8008,9101,9104,8017,8200,8275,8236,3153,1055,3086,3006,3124,3123,3363,3,4
61,3,4,2,158,8200,8230,8226,8210,8236,8300,8304,8345,2033,3157,3285,3028,3111,0,3363,4,12
79,5,4,3,22,8100,8124,8126,8138,8134,8300,8313,8347,1402,3020,2424,3165,1026,3191,3364,11,4
875,8,2,3,157,8000,8010,9111,9105,8014,8400,8451,8473,3153,0,3067,3211,3078,3111,3363,4,12
516,1,5,6,134,8300,8360,8304,8345,8347,8400,8473,8451,1054,3373,2031,3379,2422,1029,3340,4,12
85,1,4,4,176,8000,8005,9111,9104,8014,8400,8473,8451,1055,3153,1055,1001,3091,1042,3340,12,4
81,5,1,3,221,8000,8010,8009,9103,8017,8200,8226,8210,1055,1053,3078,3123,3158,3042,3340,1,4
350,0,8,3,7,8200,8229,8226,8210,8236,8000,8009,8017,3174,0,1052,3853,3114,0,3364,3,7
76,5,5,4,51,8100,8128,8143,8138,8105,8300,8304,8347,1414,3020,3100,1082,3174,1026,3364,4,11
79,3,2,7,122,8200,8230,8226,8210,8236,8300,8304,8347,3152,3068,1029,1056,0,3020,3340,12,4
2,5,4,7,22,8000,8010,9111,9104,8299,8300,8410,8304,1412,3071,1028,3047,3067,1033,3364,4,11
13,1,4,5,146,8200,8230,8226,8210,8236,8100,8139,8135,2031,3040,3191,3020,1052,0,3340,4,12
39,3,6,6,169,8000,8010,9111,9103,8014,8300,8345,8352,2033,3153,3047,3044,3123,3067,3340,3,4
80,2,8,6,25,8400,8439,8446,8473,8451,8100,8139,8105,3047,3855,2055,3067,1033,3123,3364,4,14
107,10,8,5,142,8000,8010,9111,9103,8299,8400,8453,8473,3077,3111,3071,3147,3134,1037,3340,4,14
131,5,9,4,143,8000,8010,9111,9105,8299,8100,8143,8135,1056,1058,1058,3115,3027,1001,3364,4,14
350,4,13,1,25,8200,8214,8226,8210,8236,8000,8009,8017,3041,3174,3860,0,3504,1004,3364,3,7
59,8,11,2,22,8000,8010,9111,9104,8014,8100,8143,8105,2420,1413,2055,3047,3742,3071,3364,4,11
81,4,11,2,160,8000,8010,8009,9103,8017,8300,8345,8347,3025,1055,3047,3133,1036,3042,3363,4,1
61,3,14,7,177,8300,8360,8304,8345,8352,8200,8226,8237,3285,3165,0,3174,3111,1082,3363,4,12
412,2,14,8,31,8400,8439,8446,8473,8242,8300,8313,8316,3857,3193,3109,2055,3009,0,3364,14,4
2,5,9,5,80,8000,8010,9111,9105,8299,8300,8304,8410,1413,3111,1029,3194,3110,3065,3364,4,11
21,4,14,8,242,8000,8005,8009,9103,8017,8200,8275,8236,1038,3123,3006,3155,3031,3508,3363,4,7
79,9,5,8,204,8200,8230,8226,8210,8236,8300,8304,8347,3152,3068,3025,3065,3020,0,3340,12,4
235,1,24,3,30,8400,8437,8463,8473,8453,8000,9104,8009,3864,2055,3123,3071,3022,3009,3364,7,4
111,4,16,6,112,8400,8439,8463,8473,8242,8300,8313,8321,3047,3193,2055,3001,0,3068,3364,14,4
245,13,11,7,52,8100,8112,8143,8136,8135,8300,8304,8347,3100,3152,3020,1402,1026,3157,3364,11,4
68,7,16,2,211,8200,8229,8275,8234,8232,8100,8139,8135,3111,3165,3157,3135,3151,0,3364,7,4
120,11,10,5,226,8000,8010,9111,9104,8299,8200,8275,8234,3033,3111,3078,1038,3022,3071,3340,14,6
7,9,2,7,144,8100,8112,8139,8138,8135,8300,8345,8352,2033,3165,3108,3020,1026,3285,3363,4,14
58,5,4,6,206,8000,8010,9111,9105,8014,8400,8473,8453,3071,3153,3111,0,3812,3123,3364,12,4
432,4,10,8,8,8400,8465,8446,8473,8242,8000,9111,9105,3853,3107,3905,2055,3123,3117,3364,4,14
203,7,4,8,38,8000,8010,9111,9104,8014,8100,8143,8105,3153,1412,3071,1037,3111,3123,3364,4,11
42,3,11,7,140,8000,8021,8009,9104,8299,8300,8304,8345,3078,3042,3086,2015,1055,3020,3340,7,4
141,9,4,4,54,8000,8010,9111,9105,8014,8300,8304,8347,1412,3071,3812,3111,3076,1028,3364,11,4
16,1,22,6,126,8200,8214,8226,8210,8237,8400,8473,8453,3174,2421,2065,3108,3191,3158,3363,4,7
235,10,19,7,49,8300,8351,8304,8345,8410,8000,8009,9104,3033,3864,3179,3814,3158,3134,3364,4,21
3,6,13,6,176,8400,8439,8401,8473,8451,8200,8226,8210,3020,3152,3157,3151,1082,0,3340,12,4
57,10,17,5,172,8400,8437,8446,8429,8451,8200,8226,8210,3001,3076,3151,3047,3068,3082,3340,4,12
61,1,0,2,124,8200,8230,8226,8210,8236,8300,8304,8345,2031,2422,1026,1056,3802,3191,3340,4,12
145,0,2,3,120,8100,9923,8139,8138,8135,8000,9103,8009,1055,1037,1042,3004,1001,1042,3340,4,7
555,2,0,2,19,8100,8124,8139,8136,8106,8400,8473,8453,3009,3134,3855,2055,1036,1036,3364,4,14
427,0,1,3,8,8200,8214,8275,8210,8232,8300,8321,8347,1039,2031,3107,0,0,3117,3364,4,11
62,0,0,2,121,8000,8010,9111,9104,8014,8300,8345,8352,3044,2055,2031,3047,3067,1054,3364,4,12
16,2,4,1,91,8200,8214,8226,8210,8237,8400,8473,8453,3174,3158,1028,1056,2055,0,3340,4,7
79,2,4,1,4,8100,8124,8126,8138,8134,8300,8313,8347,2031,3020,2424,0,1402,3108,3364,11,4
432,1,6,0,29,8400,8465,8463,8473,8453,8100,8136,8105,3859,2031,1031,2055,3009,1011,3364,4,3
92,5,1,0,122,8000,8010,9111,9104,8299,8300,8321,8347,1055,0,2031,3071,3133,1001,3340,4,12
39,2,1,1,152,8000,8010,9111,9104,8014,8300,8345,8352,2033,3153,3111,1055,1042,0,3340,14,4
517,3,7,6,132,8000,8010,8009,9105,8299,8300,8345,8352,3157,3152,1052,3020,1082,0,3340,4,12
80,9,6,7,135,8000,8010,9111,9104,8014,8300,8345,8352,3814,3077,3142,3111,3123,1028,3363,4,14
350,1,10,4,19,8200,8214,8226,8233,8236,8000,8017,8009,1082,3222,3860,3174,2055,0,3364,7,3
222,3,7,3,198,8000,8021,8009,9104,8017,8200,8275,8234,1055,3031,3094,3006,2015,3123,3363,1,4
79,5,6,9,7,8100,8124,8126,8138,8134,8300,8313,8347,2031,3020,2424,1402,3165,3191,3364,11,4
875,5,9,5,152,8000,8010,9111,9105,8299,8400,8473,8451,3153,3047,2421,3053,1054,1038,3363,4,12
2,11,7,5,31,8000,8010,9111,9104,8299,8300,8304,8410,3143,3047,3123,3071,3211,1400,3364,11,4
523,3,9,4,154,8000,8010,9101,9103,8014,8200,8275,8236,3031,3085,0,3006,1055,0,3363,4,7
412,2,15,2,33,8400,8439,8446,8473,8451,8300,8313,8345,3857,3193,0,3114,3009,3801,3364,14,4
134,8,9,7,193,8200,8230,8226,8210,8236,8300,8345,8347,1058,3285,3020,3151,1058,3916,3340,12,4
111,6,19,4,133,8400,8439,8401,8473,8453,8300,8313,8345,3800,3193,3068,3047,1057,0,3364,12,4
235,5,25,5,31,8400,8437,8463,8473,8451,8000,8009,9104,2055,3009,3864,3134,3033,3022,3364,7,4
157,13,13,7,236,8000,8010,9111,9104,8014,8100,8139,8135,3006,3026,3123,3046,3072,3031,3340,14,4
57,7,20,4,165,8400,8437,8446,8429,8453,8200,8226,8210,3024,3068,3111,1056,3065,3075,3340,4,12
79,14,19,6,34,8100,8124,8126,8138,8134,8300,8313,8347,1402,3020,3157,3065,3135,1058,3364,11,4
53,2,10,9,27,8400,8439,8463,8473,8451,8000,8009,9105,3193,3857,3190,2055,3024,3009,3364,4,14
36,1,7,12,129,8000,8010,9111,9104,8299,8400,8444,8453,3068,3082,3065,1028,3047,0,3363,4,12
110,7,8,6,252,8200,8229,8226,8210,8236,8000,8009,8017,3134,3033,3142,3814,3179,3158,3363,12,4
60,7,7,8,50,8100,8112,8126,8138,8105,8200,8232,8275,1414,3151,3020,0,3165,1082,3364,11,4
39,9,5,10,193,8000,8010,9111,9105,8014,8300,8345,8352,3153,3143,1037,3052,3078,3111,3363,4,14
79,5,13,6,27,8100,8124,8126,8138,8134,8300,8313,8347,1402,3020,3157,3165,3135,0,3364,11,4
412,1,15,6,35,8400,8439,8446,8473,8451,8300,8313,8345,3193,2065,0,3009,3067,3857,3364,14,4
523,6,10,8,308,8000,8010,9111,9103,8014,8200,8275,8236,3026,3031,3006,3085,3033,3046,3363,7,4
122,10,9,4,263,8000,8010,9111,9104,8299,8400,8242,8473,3075,3153,3053,3047,3071,3065,3340,6,4
141,7,11,5,262,8000,8010,8009,9104,8014,8300,8345,8352,3067,3071,3077,3047,3053,3812,3340,4,14
157,13,5,5,280,8000,8010,9111,9104,8014,8100,8139,8135,3031,3153,3812,3033,3006,3046,3363,4,3
245,9,9,4,295,8100,8112,8143,8138,8135,8300,8352,8316,3152,3165,3135,3020,3100,3089,3364,4,14
235,6,18,4,37,8400,8437,8463,8473,8453,8000,8009,9104,3033,3864,0,3022,3009,3071,3364,4,7
64,1,16,4,35,8000,8010,9111,9105,8014,8100,8138,8105,1028,3193,1412,3047,3075,3071,3340,11,4
106,0,13,12,172,8000,8010,9111,9104,8299,8400,8446,8473,0,3024,3075,3065,3117,3068,3364,12,4
81,9,9,5,254,8000,8010,8009,9103,8014,8200,8226,8210,3153,3156,3033,3042,3025,3158,3363,7,4
16,0,17,10,23,8200,8214,8226,8210,8236,8400,8473,8453,3158,3853,2421,1082,3504,3174,3364,4,21
517,6,9,13,167,8000,8010,8009,9105,8299,8300,8345,8352,3152,2033,3157,3916,3020,3285,3340,4,12
104,14,11,10,108,8000,8021,9111,9104,8014,8200,8275,8232,3156,1412,3812,3071,3047,3033,3364,11,4
39,12,7,12,263,8000,8010,9111,9104,8299,8300,8345,8352,3071,3812,3153,2420,3156,3047,3363,14,4
238,18,12,9,196,8000,8010,8009,9104,8014,8200,8210,8236,3179,3814,3142,3158,3071,3147,3364,14,4
30,24,16,12,67,8100,8128,8126,8138,8135,8000,8009,8014,1402,3151,3157,3135,3089,3165,3364,11,4
57,3,25,10,178,8400,8439,8463,8429,8451,8300,8304,8345,1028,3068,3065,3047,3076,3110,3363,4,12
40,0,34,4,23,8200,8229,8226,8234,8237,8100,8105,8139,3107,3504,3041,3853,3009,1028,3364,4,14
523,5,15,6,267,8000,8010,9101,9103,8014,8200,8275,8236,3026,3123,3046,3031,3006,3085,3363,7,4
141,4,7,3,21,8000,8010,9111,9105,8299,8100,8136,8135,1036,3071,3111,3105,1036,1412,3364,4,11
41,2,7,2,180,8400,8437,8446,8429,8451,8300,8345,8352,2033,3111,3078,1083,3508,0,3340,12,4
40,1,10,2,27,8200,8229,8226,8234,8237,8100,8105,8139,2065,2055,3222,3860,3009,1082,3364,4,14
21,5,4,2,222,8000,8005,9101,9103,8017,8200,8275,8236,1055,3006,3031,3035,3508,0,3363,7,4
134,7,4,5,169,8200,8229,8226,8210,8237,8300,8345,8347,3136,2055,3907,1056,3020,3285,3363,14,4
412,2,5,6,21,8400,8439,8446,8473,8242,8300,8313,8316,3117,3193,3114,3801,2055,3857,3364,14,4
110,4,1,2,230,8000,8008,9101,9104,8014,8200,8275,8236,1055,3124,3153,3006,0,3086,3363,4,7
7,3,2,2,123,8100,8112,8139,8138,8135,8200,8226,8210,3285,1082,3111,1026,1052,0,3340,14,4
59,4,5,4,22,8000,8010,9111,9104,8299,8100,8136,8105,3109,3047,2055,1028,1413,1031,3364,11,4
57,1,7,5,128,8400,8439,8463,8429,8451,8300,8304,8345,1054,3068,3076,3047,3211,1029,3340,4,12
40,1,14,3,25,8200,8229,8226,8234,8237,8100,8105,8139,3853,3009,1082,3114,3504,3801,3364,4,14
67,5,5,5,184,8000,8005,9101,9104,8014,8100,8139,8135,3046,3153,1037,1043,1055,3006,3363,7,4
555,7,4,2,141,8100,9923,8126,8138,8106,8400,8444,8453,1054,3142,3077,3147,0,1001,3364,4,14
81,6,11,1,50,8000,8010,8009,9103,8017,8300,8304,8347,3144,3025,1412,3047,3123,1043,3364,11,4
517,7,5,6,141,8000,8010,8009,9105,8299,8100,8135,8143,2033,3157,3152,3802,3020,1026,3340,4,12
245,2,5,5,165,8100,8112,8143,8138,8106,8200,8233,8236,2033,3113,3152,1082,1026,3020,3364,12,4
2,2,6,6,13,8000,8010,9111,9104,8299,8300,8410,8304,1400,0,3067,3047,3044,3123,3364,4,11
497,1,12,2,29,8400,8465,8446,8473,8242,8000,8009,9105,3860,3801,2055,3050,3114,3009,3364,14,4
29,5,3,5,146,8000,8005,9101,9103,8014,8200,8275,8236,3153,3123,1055,3085,0,3006,3363,4,7
126,7,2,8,189,8200,8230,8226,8233,8236,8300,8352,8304,3033,3142,2055,3814,3147,3009,3340,4,12
81,8,5,9,146,8000,8010,8009,9103,8014,8200,8275,8210,3153,3042,1055,3025,3158,0,3363,4,12
235,3,11,5,26,8400,8437,8446,8444,8451,8000,9104,8009,3864,1028,1036,3047,3022,3123,3364,7,4
23,1,1,1,161,8000,8008,9111,9105,8299,8200,8275,8210,1055,3077,3101,3006,3508,0,3340,14,4
80,1,10,9,111,8000,8010,9111,9105,8014,8300,8352,8345,3142,2033,0,3044,0,3047,3363,14,4
60,5,5,6,22,8100,8112,8126,8136,8105,8200,8275,8232,1402,3108,3020,2421,3191,3916,3364,11,4
40,3,15,5,26,8200,8229,8226,8234,8237,8100,8105,8139,2065,2031,3860,0,3114,3009,3364,4,14
523,9,10,4,154,8000,8010,9101,9103,8014,8200,8275,8236,1055,2031,3046,3006,1018,3031,3363,7,4
164,6,3,2,178,8400,8437,8401,8473,8451,8300,8345,8304,1055,3077,3078,1053,3047,1036,3340,4,12
79,7,13,6,8,8100,8124,8126,8136,8134,8300,8313,8347,3158,0,3157,1402,3916,1082,3364,4,11
157,5,16,1,168,8000,8010,9111,9104,8299,8100,8139,8135,3046,3153,3006,1018,1055,1038,3363,3,4
62,4,4,1,134,8000,8010,9111,9105,8014,8400,8473,8446,2033,3155,3071,3111,1036,0,3340,4,12
39,11,1,2,159,8000,8010,9111,9104,8299,8300,8345,8352,2033,3153,3047,3071,1055,0,3340,14,4
78,3,12,3,14,8100,9923,8126,8136,8105,8000,9111,9104,3057,3044,1401,1042,1033,3009,3364,11,4
203,3,12,2,124,8000,8005,8009,9103,8299,8200,8275,8236,1054,1083,3031,1001,3004,0,3363,3,4
497,3,13,1,35,8400,8465,8446,8473,8453,8100,8106,8136,2055,3860,3009,1033,2065,3108,3364,14,4
79,0,4,4,14,8100,8124,8126,8136,8134,8300,8347,8313,1001,1028,1402,2424,1052,3191,3364,11,4
81,2,1,6,125,8000,8010,8009,9103,8014,8200,8275,8210,3004,3057,1055,1001,0,1036,3340,4,7
131,4,0,4,134,8200,8230,8275,8233,8237,8400,8401,8473,1056,2031,3027,3115,0,3020,3340,4,12
40,0,4,3,16,8200,8229,8226,8234,8237,8000,8017,9105,3853,1082,2031,3114,3009,3113,3364,4,14
236,3,0,7,129,8000,8005,9101,9104,8014,8300,8304,8345,1055,3153,1055,3047,1055,1036,3363,3,4
64,2,0,4,6,8000,8010,9111,9104,8299,8400,8473,8453,1001,2055,1412,3067,0,0,3340,11,4
523,0,0,4,90,8000,8010,9101,9103,8017,8200,8275,8236,2031,0,1055,1055,1038,3006,3340,4,3
80,3,1,1,115,8000,8010,9111,9104,8299,8300,8345,8352,3142,2033,3047,3067,0,0,3340,4,12
105,0,0,4,75,8100,8128,8143,8138,8135,8300,8316,8352,3020,2033,3145,1028,0,0,3364,14,4
111,0,1,3,19,8400,8439,8401,8473,8451,8300,8316,8313,2031,3047,2424,1029,3859,2055,3364,4,14
412,3,7,0,17,8400,8439,8463,8473,8451,8100,8120,8105,3855,3117,0,1031,2031,1011,3340,4,14
145,3,2,1,125,8100,9923,8139,8138,8135,8000,8009,9103,1055,2031,3004,1037,1042,1001,3340,7,4
24,1,2,2,78,8000,8010,9111,9105,8299,8300,8304,8352,2033,3047,1055,1029,1053,1036,3340,12,4
421,7,5,1,20,8000,8010,9111,9104,8014,8200,8275,8236,1400,3047,2031,3071,0,0,3340,4,11
238,2,4,1,141,8000,8010,8009,9104,8014,8200,8210,8236,3179,2031,1001,3133,0,0,3340,14,4
119,4,4,6,144,8000,8005,8009,9103,8014,8200,8275,8236,3072,3006,3031,1055,1055,3123,3363,7,4
3,3,4,6,146,8100,8124,8139,8120,8134,8200,8210,8275,1056,3152,3020,1056,3108,3191,3340,4,12
44,1,5,7,39,8300,8351,8306,8345,8410,8000,9104,8009,1401,3076,3047,3024,3801,0,3340,4,11
350,2,8,3,31,8200,8214,8226,8210,8236,8000,8009,8017,3174,1082,3860,3504,0,0,3364,3,14
57,3,4,5,156,8400,8439,8463,8429,8451,8300,8304,8345,1054,3076,3068,3211,3047,3067,3340,4,12
64,12,12,2,18,8000,8010,9111,9105,8017,8300,8304,8347,2055,3111,3071,1412,3812,3123,3340,11,4
69,3,10,3,193,8000,8010,8009,9105,8017,8100,8139,8135,3151,3040,1056,0,3165,0,3340,1,4
40,1,15,2,18,8200,8229,8226,8234,8237,8000,8017,9111,3853,3117,3504,1052,0,3041,3364,4,14
523,5,8,4,173,8000,8010,9101,9103,8017,8200,8275,8236,1055,2031,3006,3085,3031,1036,3363,7,4
150,6,9,2,181,8000,8010,9111,9105,8014,8400,8451,8473,3047,3071,3742,3022,0,0,3363,4,12
131,10,5,0,126,8100,8112,8143,8138,8135,8200,8233,8237,1056,1058,3102,1082,1058,3020,3364,12,4
59,10,12,1,33,8000,8010,9111,9105,8299,8100,8136,8105,1413,3111,3065,3110,0,0,3364,11,4
57,2,17,1,116,8400,8439,8463,8444,8453,8300,8304,8345,1054,3065,1056,3068,3111,0,3340,4,12
21,12,7,3,136,8000,8005,9101,9103,8014,8200,8275,8236,1055,1055,1038,3031,3508,1001,3363,4,7
111,2,15,1,32,8400,8439,8401,8473,8451,8300,8306,8316,3193,3111,3859,3067,2055,1029,3364,14,4
117,0,3,6,28,8400,8465,8463,8473,8242,8300,8345,8347,3859,3504,1004,1001,3801,0,3364,4,14
67,4,0,8,132,8000,8005,9101,9104,8014,8100,8139,8135,1055,3153,2031,3006,1043,1037,3363,7,4
245,1,0,7,130,8100,8112,8143,8138,8135,8300,8352,8345,1082,3152,2033,3136,3020,0,3340,4,14
203,1,2,7,5,8000,8010,9111,9104,8299,8200,8275,8232,2031,3144,1412,3006,0,0,3364,11,4
85,0,1,8,124,8000,8010,9111,9105,8014,8100,8139,8135,3152,2031,1026,3020,1052,0,3340,4,12
2,7,7,10,33,8000,8010,9111,9104,8299,8300,8304,8410,1400,2055,3047,3071,3065,0,3364,4,11
517,3,6,6,165,8000,8010,8009,9105,8014,8200,8210,8236,2033,1026,3157,3136,3111,3802,3363,12,4
40,1,11,6,31,8200,8229,8226,8234,8237,8100,8105,8139,3860,3114,2065,0,3009,3801,3364,4,14
67,5,4,8,178,8000,8005,9101,9104,8014,8100,8139,8135,3124,3153,0,3006,0,3094,3363,7,4
236,5,5,5,236,8000,8005,9101,9103,8014,8300,8345,8352,3006,3508,3033,0,0,3153,3363,4,1
4,4,6,0,253,8300,8360,8304,8316,8352,8200,8275,8233,2033,1058,3027,3157,3100,3047,3340,4,12
203,10,10,7,45,8000,8005,9111,9104,8014,8100,8143,8105,3153,3046,0,1412,1038,3006,3364,11,4
57,1,14,6,133,8400,8439,8463,8473,8453,8300,8304,8345,2055,3065,3068,3076,1054,3047,3340,4,12
81,15,6,3,152,8000,8010,8009,9103,8014,8300,8345,8347,3042,3158,3153,3025,3123,3133,3363,7,4
43,4,21,5,19,8200,8229,8226,8210,8237,8100,8139,8120,3041,3853,2065,3108,3504,3117,3364,4,14
350,2,27,4,26,8200,8229,8226,8210,8237,8000,8017,8009,3860,3041,3114,3504,0,3174,3364,7,3
236,5,19,7,178,8000,8005,9101,9104,8014,8300,8304,8345,1055,3153,3047,3071,3046,3123,3363,21,4
76,24,13,4,36,8100,8128,8143,8138,8135,8300,8313,8347,3025,3157,3089,3047,3135,1414,3364,11,4
58,8,17,3,248,8000,8010,9111,9104,8299,8400,8446,8473,3071,3077,3026,3053,3082,3047,3340,4,12
7,6,18,8,97,8100,8112,8139,8138,8135,8300,8352,8316,1056,3165,3030,0,3041,3020,3364,4,12
875,1,9,11,30,8300,8358,8306,8321,8352,8200,8275,8234,2031,3857,3742,2055,1033,3111,3364,4,14
64,6,7,8,32,8000,8010,9111,9105,8014,8100,8143,8135,3071,3111,3133,1400,1028,3105,3340,4,11
157,9,12,7,197,8000,8010,9111,9104,8014,8100,8135,8139,1038,3031,3006,3812,3046,2421,3364,14,4
429,6,10,10,178,8100,9923,8143,8138,8135,8000,9101,9104,3153,3123,3085,3006,1053,1038,3363,4,7
120,4,8,9,155,8000,8010,8009,9105,8299,8200,8275,8234,1055,3047,3078,3065,3024,2033,3340,6,14
113,0,18,4,52,8400,8439,8463,8473,8451,8000,9105,9111,3158,2421,0,3860,3050,3109,3364,14,4
64,6,9,4,28,8000,8010,9111,9105,8299,8300,8304,8347,2031,3053,2055,3047,3071,1412,3340,4,11
41,4,12,1,198,8400,8437,8446,8429,8451,8300,8345,8352,3078,2033,2055,3812,3047,3136,3340,4,12
69,10,4,3,224,8200,8230,8226,8210,8236,8100,8139,8135,1056,3040,3116,3151,3916,1029,3363,1,4
157,4,5,5,184,8000,8010,9111,9104,8299,8100,8139,8135,1038,3153,3006,1029,3046,3140,3340,3,4
9,6,7,5,41,8100,8112,8126,8138,8106,8300,8304,8347,1402,3157,1026,3916,3020,0,3330,11,4
58,4,4,6,213,8000,8010,9111,9104,8299,8400,8446,8451,1055,3153,3047,3134,3071,1028,3340,4,14
98,3,4,4,139,8400,8437,8401,8444,8453,8100,8126,8106,3748,2031,3143,1001,1054,0,3340,4,14
51,3,7,4,212,8000,8021,9101,9103,8017,8200,8275,8236,1055,3006,3031,3094,1038,1018,3363,4,7
16,1,11,5,21,8200,8214,8226,8210,8236,8400,8444,8453,3853,2055,3117,3174,3041,3113,3364,3,4
110,4,0,4,142,8200,8229,8226,8210,8237,8300,8345,8347,2033,2010,3142,3179,1001,0,3340,4,7
25,0,3,2,17,8200,8229,8226,8210,8237,8300,8345,8313,3114,3117,2031,3113,3851,2055,3364,4,14
18,0,1,2,153,8000,8005,9101,9104,8014,8400,8446,8473,1055,3153,3006,3086,2055,0,3363,3,4
9,0,1,4,11,8100,8112,8126,8138,8106,8300,8304,8347,1402,3020,3067,0,0,0,3330,11,4
517,1,1,5,105,8000,8010,9111,9105,8299,8200,8226,8236,3152,2033,2055,3191,1001,0,3340,12,4
62,6,2,0,169,8000,8010,9111,9105,8299,8300,8345,8352,3077,2033,3078,3123,3111,1036,3340,4,12
38,4,0,1,147,8100,8112,8139,8138,8135,8000,8009,9105,1054,2031,3027,3070,3111,0,3364,12,4
412,0,8,2,22,8400,8439,8446,8473,8242,8300,8313,8316,3855,2055,3801,2423,3114,3117,3364,4,14
523,2,3,2,157,8000,8010,9101,9103,8014,8200,8275,8236,1054,2031,3006,0,3031,3086,3363,1,4
421,5,6,0,17,8000,8010,9111,9105,8014,8200,8275,8232,1400,3111,2055,3814,0,0,3364,4,11
28,7,4,3,14,8100,8112,8143,8138,8105,8300,8304,8347,2421,3100,3191,3041,3020,1402,3340,4,11
161,4,5,2,187,8200,8229,8226,8210,8236,8300,8347,8313,1056,2424,3285,3020,3102,1058,3340,21,4
432,0,13,2,17,8400,8465,8463,8444,8453,8100,8126,8105,2065,3009,2055,3853,3174,0,3364,4,14
81,4,4,3,181,8000,8010,8009,9103,8017,8300,8347,8345,3042,3155,3105,3025,1055,3158,3363,4,3
62,3,2,3,204,8000,8010,9111,9104,8299,8300,8352,8345,2033,1055,3105,3133,3078,3047,3340,4,12
30,3,6,4,15,8100,8128,8126,8138,8135,8000,8009,8014,1402,2031,3151,3020,1058,1058,3364,4,11
43,1,3,3,11,8200,8214,8226,8210,8237,8300,8345,8347,0,3111,3851,3174,1004,1004,3364,14,4
120,3,3,3,191,8000,8010,8009,9105,8299,8200,8275,8234,2033,3047,3078,3812,1028,0,3364,6,14
105,5,1,4,201,8100,8112,8143,8136,8135,8000,9111,8014,2033,3157,1082,3100,3158,1026,3364,14,4
145,1,6,4,167,8100,9923,8139,8138,8135,8000,9103,8009,3004,3006,3124,1042,0,1055,3363,4,3
76,4,4,6,10,8100,8112,8143,8138,8135,8000,9104,8014,1402,3174,3158,1052,0,0,3364,11,4
429,3,4,3,146,8100,9923,8139,8138,8135,8000,8009,9104,3006,3153,1055,1042,1042,1042,3363,4,1
16,2,6,4,22,8400,8465,8463,8444,8453,8200,8226,8210,3174,2031,3859,3114,3113,1001,3364,4,21
21,2,4,3,124,8000,8005,9101,9103,8014,8200,8275,8236,3508,3006,2055,1018,1055,0,3363,7,4
106,1,0,7,128,8000,8010,9111,9105,8299,8400,8473,8451,2031,1054,3047,3068,1029,3211,3363,4,12
4,5,6,1,145,8300,8360,8304,8316,8347,8200,8275,8210,3027,3100,3047,3108,2055,0,3364,12,4
523,6,4,5,126,8000,8010,9101,9103,8014,8200,8275,8236,3031,3086,1042,3006,3123,1055,3363,7,4
126,4,5,0,170,8100,8112,8139,8138,8135,8400,8473,8451,3123,1036,1055,3071,3004,3047,3340,12,4
117,2,11,2,31,8200,8214,8226,8233,8237,8300,8345,8347,3860,3158,3504,3108,2055,1082,3364,4,3
203,6,5,4,19,8000,8010,9111,9103,8014,8200,8275,8232,0,3071,1412,3006,1036,1036,3364,4,11
62,5,6,1,100,8000,8010,9111,9104,8299,8300,8345,8352,3144,2033,3047,3071,0,0,3364,14,4
235,3,8,1,15,8400,8437,8463,8473,8453,8000,8009,9104,3009,3864,3052,0,1028,0,3364,4,7
23,2,4,1,101,8000,8008,9111,9104,8299,8200,8275,8210,0,3077,3133,1055,3006,1018,3340,6,4
76,12,7,1,20,8100,8128,8143,8138,8135,8300,8347,8304,1414,2031,3047,1052,1029,0,3340,11,4
99,3,3,2,146,8200,8229,8226,8210,8237,8300,8304,8345,3285,2055,2422,1056,1058,1082,3363,4,12
106,1,1,3,104,8400,8437,8401,8444,8451,8000,9111,9105,3751,3047,3076,1029,1054,2055,3340,12,4
101,2,2,3,113,8200,8229,8275,8233,8236,8000,8009,8014,3285,2055,1001,1082,1056,1052,3340,4,3
64,2,0,10,8,8000,8010,9111,9105,8299,8300,8304,8347,1036,1036,1412,1036,2422,1036,3340,4,11
432,1,3,3,19,8400,8465,8463,8473,8451,8100,8105,8136,3859,2031,2055,1011,3117,1031,3364,4,14
81,0,2,6,59,8000,8010,8009,9103,8014,8200,8226,8210,3070,1001,1055,2055,0,0,3340,4,7
106,2,9,11,182,8400,8437,8401,8444,8451,8000,8009,9105,3053,3047,3065,0,3123,3068,3340,12,4
523,3,13,6,223,8000,8010,9101,9103,8017,8200,8275,8233,1038,3006,3140,3031,3046,3085,3363,4,7
40,3,14,8,20,8200,8229,8226,8234,8237,8100,8105,8139,2065,3009,3107,0,3504,3853,3364,4,14
203,22,6,5,44,8000,8010,9111,9104,8299,8200,8275,8234,3031,3156,3006,3071,3085,1412,3364,4,11
3,4,11,7,169,8400,8439,8401,8473,8451,8200,8275,8210,3111,3152,3151,1056,3165,0,3363,12,4
19,4,13,8,28,8000,8005,9111,9104,8299,8400,8473,8453,3193,3748,1029,1413,3047,0,3364,4,11
41,7,18,5,215,8400,8437,8446,8473,8451,8300,8345,8352,3031,3078,3123,3047,3508,0,3340,12,4
69,17,10,5,223,8000,8010,8009,9105,8017,8100,8139,8135,3116,3151,3040,3165,1026,3135,3363,4,14
412,2,20,8,38,8400,8439,8446,8473,8451,8300,8313,8345,3857,3193,3107,2055,3009,3801,3364,14,4
145,7,14,8,237,8100,9923,8139,8138,8135,8000,8009,9103,3042,3124,3115,1026,3006,1055,3363,7,4
106,5,5,7,153,8000,8010,9111,9104,8299,8400,8444,8451,3153,3068,0,3091,0,3047,3340,12,4
43,12,15,3,19,8200,8229,8226,8210,8237,8100,8139,8135,1058,3853,2065,3174,3504,3117,3364,4,14
110,10,18,1,244,8200,8229,8226,8210,8237,8000,8009,8014,3179,2421,3142,3814,3033,3009,3363,7,4
64,6,20,5,26,8000,8010,9111,9104,8014,8100,8143,8105,1400,3026,2421,3047,3071,0,3340,4,11
90,4,14,6,189,8300,8360,8304,8345,8347,8200,8226,8210,2033,3285,2421,3116,3151,3020,3363,4,12
26,1,10,9,31,8100,8124,8126,8120,8134,8000,8009,9105,2065,3859,3222,3009,0,0,3364,4,12
145,2,6,6,189,8100,9923,8139,8138,8135,8000,8009,9103,3140,3042,1083,3006,3124,3085,3363,4,12
82,4,11,8,198,8000,8010,9111,9104,8299,8100,8139,8135,3140,3157,3047,3116,3151,2055,3340,4,12
203,9,5,9,60,8000,8010,9111,9104,8299,8200,8275,8234,1037,3006,1412,3071,3085,1038,3364,4,11
42,6,3,5,232,8000,8008,8009,9104,8014,8300,8304,8345,3042,3094,3078,1037,3020,2055,3340,4,12
2,8,6,3,24,8000,8010,9111,9104,8299,8300,8304,8410,1400,3065,3076,2422,3071,1029,3364,11,4
134,9,11,3,166,8100,8112,8139,8120,8135,8200,8226,8210,2031,2055,3285,3020,3165,3089,3363,4,12
875,1,16,3,37,8300,8358,8306,8321,8352,8200,8275,8234,3857,3009,3193,2055,3742,1028,3364,14,4
8,2,3,1,171,8200,8230,8275,8210,8236,8300,8304,8347,3152,3020,3108,1054,3165,0,3340,4,12
39,7,2,5,147,8000,8010,9111,9105,8014,8300,8352,8345,3153,2033,3111,3071,1057,0,3363,14,4
268,5,3,3,205,8000,8010,8009,9104,8014,8100,8139,8135,1056,3115,3191,1056,3151,3020,3363,4,12
201,1,11,6,32,8400,8465,8463,8473,8451,8300,8313,8316,3105,3857,2055,3047,0,3109,3364,4,3
81,4,5,6,126,8000,8010,8009,9103,8014,8300,8345,8347,2055,3101,3042,3158,3057,3123,3363,4,7
164,3,2,5,180,8000,8010,9111,9104,8014,8300,8345,8304,3074,3078,1055,1055,3123,2422,3340,4,12
517,2,6,7,26,8000,8010,8009,9105,8299,8200,8275,8210,0,3157,1001,0,0,1402,3340,4,11
54,1,4,5,99,8400,8437,8446,8444,8451,8200,8226,8210,2033,3110,1028,1057,3047,0,3340,12,4
2,2,0,5,8,8000,8010,9111,9104,8299,8200,8275,8234,2031,1412,1001,1029,1036,0,3364,4,11
875,0,3,10,26,8400,8439,8463,8444,8242,8300,8306,8352,3009,3855,1031,2055,1011,0,3364,4,14
157,2,1,5,107,8000,8010,9111,9104,8014,8100,8139,8135,3046,2031,3006,1055,0,1055,3340,4,1
21,4,2,0,123,8000,8005,9101,9103,8014,8200,8275,8236,0,1055,0,3508,3123,3006,3363,4,7
142,5,5,3,119,8100,8112,8139,8138,8105,8300,8352,8304,2033,3030,1058,3020,1082,0,3363,4,14
350,1,12,0,2,8200,8214,8226,8233,8237,8000,8009,8017,3853,2055,1082,3114,3801,3174,3364,7,3
120,9,2,2,160,8000,8010,8009,9105,8299,8200,8275,8234,3047,2033,3078,3024,3082,1029,3340,6,14
64,3,6,2,27,8000,8010,9111,9104,8014,8100,8143,8135,3047,3142,2031,0,1412,0,3340,11,4
236,7,5,2,153,8000,8005,8009,9104,8017,8200,8275,8236,1055,0,2031,3153,1038,3006,3363,21,4
107,9,4,1,25,8000,8010,9111,9103,8014,8300,8304,8347,3077,3142,3147,1041,3036,3158,3364,4,11
39,3,2,6,207,8000,8010,9111,9104,8299,8300,8345,8352,3078,3153,2033,0,3047,0,3340,14,4
117,0,14,1,5,8200,8214,8226,8234,8236,8400,8463,8453,3851,3504,3114,1033,3117,1004,3364,4,3
202,5,3,2,166,8100,9923,8139,8138,8135,8200,8275,8236,3009,3095,1055,3094,2031,1018,3363,7,4
82,9,8,4,172,8000,8010,9111,9104,8299,8100,8143,8135,1054,3115,3157,3047,3116,1028,3340,14,4
37,1,3,3,27,8200,8214,8275,8210,8236,8300,8347,8304,1082,3040,3860,2055,3158,0,3364,21,4
523,1,3,4,203,8000,8010,9101,9103,8014,8200,8275,8236,3006,3031,3085,1055,0,0,3363,4,7
43,0,10,6,110,8200,8214,8275,8210,8237,8300,8347,8304,2031,3174,1056,3158,3504,0,3363,4,7
104,9,2,5,56,8200,8230,8275,8234,8232,8000,9111,9104,1053,3133,3047,1033,3071,1412,3364,4,11
420,3,1,8,133,8000,8010,8009,9104,8299,8200,8226,8210,3067,3140,3044,3133,1001,3004,3340,12,4
34,3,3,11,159,8200,8230,8226,8210,8237,8000,8009,9105,1082,1026,3040,1056,3151,1001,3363,12,4
81,1,4,4,185,8000,8010,8009,9103,8017,8200,8226,8210,3158,3025,1055,1053,3042,1036,3363,4,12
350,0,9,9,3,8200,8214,8226,8233,8237,8000,8009,8017,3174,1082,3113,3853,2055,3114,3364,3,7
74,3,4,8,158,8200,8214,8226,8233,8237,8300,8321,8352,3285,2033,3020,3151,1028,0,3340,14,4
2,10,2,9,56,8000,8010,9111,9104,8299,8300,8304,8410,1028,1400,3065,3071,3052,3047,3364,11,4
69,7,5,4,214,8200,8230,8226,8210,8237,8100,8139,8135,1056,3151,3040,3089,1052,0,3340,4,12
157,15,8,3,174,8000,8010,9111,9104,8014,8100,8139,8135,3123,3006,3046,3812,1033,3031,3340,4,3
412,1,20,3,34,8400,8439,8446,8444,8451,8300,8313,8347,3193,3857,3050,3067,3009,2055,3364,4,14
236,13,4,5,183,8000,8005,8009,9104,8014,8300,8304,8345,3153,3031,3006,2055,3508,0,3363,12,4
203,5,12,2,27,8000,8005,9111,9104,8299,8100,8143,8105,1412,2031,3111,3155,3031,1038,3364,4,11
57,7,9,7,188,8400,8437,8446,8429,8451,8200,8226,8210,3075,3068,3111,3010,1057,3065,3364,4,12
43,1,14,7,22,8200,8229,8226,8210,8237,8300,8347,8345,3853,3028,3009,3174,2055,3504,3364,14,4
67,6,9,10,216,8000,8005,9101,9104,8017,8100,8139,8135,3153,3155,3124,3006,3091,0,3363,4,3
236,7,10,9,214,8000,8005,9111,9104,8014,8200,8275,8236,3508,3153,2033,3006,3031,1033,3364,14,4
30,6,14,7,84,8100,8128,8126,8120,8135,8300,8347,8304,1402,3102,3089,0,3020,3165,3363,11,4
523,4,14,8,226,8000,8010,9101,9103,8014,8200,8275,8236,2420,3031,3072,3508,3006,3123,3363,4,7
245,12,6,6,251,8100,8112,8143,8138,8135,8300,8316,8352,3152,3089,3100,1058,3111,3135,3364,4,12
14,8,16,3,207,8400,8437,8446,8429,8451,8100,8126,8134,3110,3748,3076,2420,3068,3111,3340,12,4
517,12,19,4,67,8000,8010,8009,9105,8299,8100,8136,8135,3152,3157,3089,1026,1402,3047,3364,4,11
111,4,20,6,36,8400,8439,8401,8473,8451,8300,8345,8306,3193,3050,3117,3860,0,3105,3364,14,4
1,4,8,3,110,8100,8124,8126,8138,8134,8200,8226,8237,0,3020,3152,1056,3916,1052,3364,4,14
44,0,17,3,35,8400,8465,8463,8473,8453,8000,8009,9105,3107,3111,3857,3114,2055,0,3364,14,4
429,8,6,0,175,8100,9923,8139,8138,8135,8000,8009,9104,1055,3153,0,3006,3086,3091,3363,4,7
421,7,7,3,11,8000,8010,9111,9104,8014,8200,8275,8232,1400,3111,3071,1036,0,0,3364,4,11
517,5,7,1,135,8000,8010,8009,9104,8299,8300,8345,8352,2033,3152,0,3041,3020,3802,3340,4,12
68,2,3,2,159,8200,8229,8275,8233,8236,8100,8138,8135,3151,3916,1054,3020,1082,0,3340,4,14
235,1,4,8,13,8300,8351,8304,8345,8410,8000,8009,9103,3864,0,3123,3134,3179,2422,3340,7,4
115,2,4,3,124,8200,8229,8226,8210,8236,8000,8009,8014,1056,3040,2031,3020,3916,2055,3340,4,3
84,1,3,7,101,8000,8010,8009,9104,8014,8100,8139,8135,3020,3146,0,0,1054,0,3340,12,4
64,4,3,4,16,8000,8010,9111,9105,8299,8300,8304,8347,2055,3814,2420,1400,3047,0,3340,4,11
429,8,6,11,164,8100,9923,8139,8138,8135,8000,9101,9104,3153,3085,0,1055,3091,3006,3363,7,4
43,3,16,10,32,8200,8214,8275,8233,8237,8300,8345,8347,3860,3174,3158,2055,3504,1052,3364,4,3
35,9,11,5,39,8100,8128,8126,8138,8106,8300,8313,8347,3115,3089,3136,3158,1402,1026,3364,14,11
91,5,5,9,170,8100,8112,8139,8138,8105,8200,8233,8275,3077,3142,3111,2055,3147,3123,3364,14,4
120,8,9,8,169,8000,8010,8009,9105,8299,8200,8275,8234,1055,2033,3078,3111,3065,3110,3340,6,14
126,4,10,9,195,8200,8230,8226,8210,8237,8300,8352,8345,3047,3071,3812,2033,3142,0,3340,4,3
82,5,1,5,139,8000,8010,9111,9105,8014,8100,8139,8135,1054,3165,3116,1028,1052,3047,3340,14,4
245,15,6,3,53,8100,8128,8143,8138,8135,8000,9105,8009,3152,3057,3041,3020,1414,3089,3364,4,11
89,1,27,8,30,8400,8439,8463,8473,8451,8100,8126,8105,3857,3047,3050,3075,0,0,3364,14,4
21,17,12,8,206,8000,8005,8009,9103,8014,8200,8275,8236,3508,3031,0,3006,3046,3072,3363,4,3
523,1,9,7,252,8000,8010,9111,9103,8014,8200,8236,8275,3140,3031,3123,3006,3085,3046,3363,4,7
201,4,9,4,39,8400,8465,8446,8429,8451,8300,8347,8313,3111,2055,3050,3857,3067,3109,3364,14,4
421,6,3,6,26,8000,8010,9111,9105,8014,8200,8275,8233,1400,3814,3026,3111,3123,1036,3364,11,4
62,6,4,5,202,8000,8010,9111,9105,8299,8300,8304,8345,3153,3211,3078,3812,3123,3111,3340,12,4
61,8,7,3,295,8200,8230,8226,8210,8237,8300,8347,8345,3102,3916,3030,3089,3020,3135,3363,4,1
4,6,8,6,214,8300,8360,8313,8316,8352,8400,8446,8473,3146,0,3078,3009,3031,3094,3363,12,4
81,8,6,2,285,8000,8010,8009,9103,8017,8200,8226,8210,3072,3812,3033,3025,3158,3042,3363,12,4
57,1,9,6,125,8400,8439,8446,8429,8453,8200,8226,8210,3105,3751,3065,3076,1054,3047,3364,4,12
235,2,17,5,45,8300,8351,8304,8345,8410,8000,8009,9104,3814,3864,3035,3179,3009,3123,3364,7,4
102,8,10,6,77,8100,8128,8139,8120,8135,8300,8304,8347,1402,3115,3157,3165,0,3020,3364,11,4
131,2,0,4,82,8000,8010,9111,9105,8014,8100,8139,8135,2055,3010,1026,3191,1056,1056,3340,4,14
21,0,3,1,78,8000,8005,9101,9103,8014,8200,8275,8236,3006,3133,1055,1055,1018,0,3340,7,4
150,2,0,5,99,8000,8021,9111,9104,8014,8400,8473,8453,2031,1028,3153,1055,1001,0,3340,4,12
64,0,1,2,3,8000,8010,9111,9104,8014,8300,8304,8347,2031,1412,2055,3111,0,0,3340,4,11
875,3,1,5,26,8300,8358,8306,8345,8410,8200,8275,8234,1011,3047,1031,0,2055,3855,3364,14,4
236,1,7,2,107,8000,8005,9111,9103,8014,8200,8275,8236,1055,3153,1001,1033,0,0,3363,3,4
57,2,5,1,116,8400,8437,8446,8429,8451,8200,8210,8226,2033,3068,0,0,0,3047,3340,4,12
235,0,7,2,15,8400,8437,8463,8473,8453,8000,8009,9103,3864,3022,0,0,0,3009,3364,4,7
555,5,2,1,89,8100,9923,8126,8138,8106,8400,8444,8453,1054,1036,3077,3147,1001,3134,3364,4,14
76,9,5,1,39,8100,8128,8143,8138,8135,8300,8347,8313,1402,2423,2055,3020,1082,3089,3364,11,4
43,1,8,7,19,8200,8229,8226,8210,8237,8000,8009,8017,3504,3853,2055,3174,3117,1028,3364,4,7
21,1,7,5,204,8000,8005,9111,9103,8017,8200,8236,8275,3033,3006,0,3031,3508,0,3363,4,3
17,1,2,3,287,8100,8128,8126,8138,8135,8200,8226,8236,3151,3135,1058,3115,3020,1058,3340,4,14
268,6,4,11,238,8000,8008,8009,9104,8014,8200,8226,8210,3115,2055,3020,3151,3135,3089,3363,4,12
64,5,5,7,24,8000,8010,9111,9104,8014,8300,8347,8304,3071,3077,2055,1412,3156,3111,3340,11,4
42,11,13,4,286,8000,8021,8009,9104,8014,8300,8345,8304,3020,3078,3042,3031,3094,3155,3363,4,12
57,2,18,3,146,8400,8439,8446,8444,8453,8300,8313,8347,3190,0,3047,3068,2424,3065,3364,4,7
79,8,14,4,37,8100,8124,8126,8136,8134,8300,8313,8347,3020,3102,3157,0,1058,1402,3364,4,11
24,8,4,2,233,8000,8010,9111,9104,8299,8300,8304,8352,3153,2033,3111,3091,3078,3211,3364,12,4
235,4,16,1,46,8400,8437,8463,8473,8453,8000,8009,9103,3864,2055,3071,3009,3022,3179,3364,4,3
245,11,5,7,160,8100,8112,8143,8138,8135,8300,8304,8316,2033,3916,3152,3100,3089,3020,3364,12,4
201,0,15,3,32,8400,8465,8463,8473,8451,8300,8313,8316,3857,3193,3050,0,3111,2055,3364,4,3
254,1,10,5,48,8400,8439,8401,8429,8453,8000,9111,9104,1401,2031,3742,3078,3111,0,3364,4,11
523,4,6,7,156,8000,8010,9101,9103,8014,8200,8233,8236,1055,3006,3031,3085,3046,0,3363,7,4
126,5,4,3,207,8000,8010,9111,9105,8299,8300,8304,8345,3142,3111,3071,3042,1033,1055,3363,4,12
267,4,15,3,16,8200,8214,8226,8233,8237,8300,8345,8347,3853,2055,3222,3174,3113,3009,3364,14,4
28,7,6,4,33,8100,8112,8143,8138,8105,8300,8304,8347,1402,3374,3020,3041,1026,1052,3364,11,4
236,7,8,4,217,8000,8005,8009,9103,8014,8200,8210,8236,3371,3508,3006,3812,1055,1036,3363,4,7
246,3,10,7,123,8100,8112,8139,8136,8135,8000,8009,9105,3117,3179,3147,1028,1036,2055,3364,4,14
516,4,6,3,189,8300,8360,8304,8345,8347,8400,8444,8451,3373,3047,3109,1054,3379,1029,3363,12,4
497,2,16,6,26,8400,8465,8463,8473,8453,8200,8275,8234,3050,3117,3860,3108,3191,2421,3364,14,4
157,8,12,5,234,8000,8010,9111,9104,8014,8100,8139,8135,3026,3031,3046,3006,3812,2055,3363,4,3
142,16,9,7,222,8200,8214,8275,8210,8237,8300,8345,8347,1058,3020,3157,3135,3285,3165,3363,14,4
154,2,19,4,65,8400,8439,8463,8429,8451,8000,9111,9105,3109,3076,1028,3083,1401,3047,3364,4,11
74,5,21,8,197,8200,8214,8226,8233,8236,8300,8304,8347,3108,3089,3135,3151,2420,3020,3363,12,4
31,6,8,5,247,8200,8229,8226,8210,8232,8400,8451,8473,3157,3111,3152,3136,3285,1026,3364,14,4
81,5,9,5,220,8000,8010,8009,9103,8014,8200,8226,8210,3042,3153,3078,3123,1055,3158,3363,7,4
555,2,8,7,53,8400,8439,8446,8473,8242,8100,8136,8106,3117,3857,3179,3814,3155,2421,3364,14,4
141,14,9,6,37,8100,8128,8143,8138,8105,8200,8275,8236,3814,3142,3036,3179,3117,1400,3363,4,11
57,3,12,10,158,8400,8439,8463,8444,8453,8300,8304,8345,1054,3194,3111,3068,3065,1033,3340,4,12
51,0,1,6,118,8000,8021,8009,9103,8014,8300,8304,8345,2422,3095,1042,1055,1055,1055,3363,4,7
134,0,2,5,138,8200,8230,8226,8210,8236,8300,8304,8347,3030,1056,1028,2031,3020,1052,3340,3,4
56,3,0,0,156,8000,8008,8009,9104,8014,8300,8345,8352,3153,2033,3071,1001,0,0,3363,4,12
40,3,4,4,10,8200,8214,8226,8234,8237,8100,8139,8105,3504,3853,1004,0,3117,0,3364,14,4
48,3,4,7,27,8000,8005,9111,9104,8014,8400,8453,8429,3078,2055,1042,3715,3111,3751,3364,11,4
58,2,2,1,153,8000,8010,9111,9105,8299,8400,8446,8473,1054,3153,3076,1028,3047,1036,3340,4,12
157,7,6,3,136,8000,8010,9111,9104,8299,8100,8135,8139,1055,3046,3031,1053,1055,3006,3340,3,4
68,5,6,3,50,8200,8229,8275,8234,8237,8100,8135,8136,3859,3151,2031,3020,1052,1028,3364,14,4
427,3,10,1,15,8200,8214,8275,8210,8236,8300,8321,8347,1039,0,3117,3174,1082,3504,3364,4,11
31,5,2,1,152,8200,8229,8226,8210,8232,8400,8451,8444,1001,1056,3152,1056,1054,3285,3364,14,4
21,4,4,6,170,8000,8005,9111,9103,8014,8200,8275,8236,1055,1055,3031,3508,3006,2055,3363,7,4
266,0,2,9,149,8100,8112,8139,8120,8135,8400,8444,8446,0,0,0,0,0,0,3340,4,12
245,3,0,5,199,8100,8112,8143,8138,8135,8300,8304,8316,3100,3152,3020,1056,1082,1052,3364,4,12
89,4,5,8,31,8400,8439,8446,8473,8451,8300,8313,8345,3067,3193,2031,3860,0,3117,3364,14,4
104,4,4,6,22,8200,8230,8275,8233,8232,8000,9111,9104,3071,3133,3047,1029,1412,0,3364,4,11
25,5,21,3,18,8400,8465,8446,8473,8242,8300,8313,8347,3157,3853,3107,0,3009,3504,3364,4,14
126,10,3,3,190,8200,8230,8226,8233,8236,8300,8345,8304,3147,3179,3142,3047,3134,3123,3340,4,12
523,12,8,5,194,8000,8010,9101,9103,8014,8200,8275,8236,0,3031,3006,3085,3094,3155,3363,4,7
268,5,5,3,182,8100,9923,8139,8120,8135,8000,8009,9104,3115,3165,1056,3111,1026,1056,3363,4,12
875,2,16,1,22,8200,8230,8275,8234,8232,8300,8306,8410,0,0,1031,1401,3742,3009,3364,4,11
61,2,5,5,187,8200,8230,8226,8210,8236,8300,8345,8352,2033,2055,3285,3020,3151,0,3363,4,12
145,4,6,6,142,8100,9923,8139,8138,8135,8000,9103,8009,1055,3124,3006,3004,3101,0,3340,7,4
154,1,7,4,176,8000,8010,9111,9105,8299,8400,8429,8451,1054,2031,3047,3065,3082,3068,3364,4,12
875,3,6,7,32,8400,8439,8446,8444,8451,8200,8275,8234,2055,3855,3109,3047,2421,1031,3364,4,14
64,7,5,6,19,8000,8010,9111,9104,8299,8100,8143,8135,1412,2055,2420,3111,3071,1031,3340,4,11
523,10,13,3,204,8000,8010,9101,9103,8014,8200,8275,8236,3006,3031,3085,3140,3046,1055,3363,4,7
412,0,22,5,32,8400,8439,8446,8473,8451,8300,8313,8347,3117,3857,0,3107,3067,3024,3364,4,3
57,2,10,2,141,8400,8439,8446,8429,8451,8200,8226,8210,3076,3111,1031,3065,1054,3751,3340,4,12
58,5,5,3,184,8000,8005,9111,9104,8014,8400,8473,8453,3077,3142,1036,3071,3111,1055,3363,14,4
76,11,11,4,24,8000,8010,9111,9104,8014,8100,8143,8135,3211,3157,3041,3047,3025,1414,3364,11,4
126,5,2,8,105,8200,8214,8275,8210,8237,8300,8345,8352,2033,3142,1001,3134,3133,1036,3340,14,4
79,2,4,8,29,8400,8439,8446,8473,8453,8300,8347,8345,3136,3859,0,3050,3158,0,3364,14,4
59,2,9,5,11,8000,8010,9111,9105,8299,8100,8136,8105,2421,2031,3047,1057,1413,1031,3364,4,11
429,1,4,6,163,8100,9923,8143,8138,8135,8000,9101,9104,3153,2055,3006,1055,1042,3086,3363,4,7
84,2,1,6,114,8000,8010,8009,9105,8014,8100,8139,8135,1056,3146,3111,1052,0,0,3340,14,12
111,2,14,3,34,8400,8439,8446,8473,8451,8300,8313,8316,3193,3109,3859,2055,0,3117,3364,4,14
54,4,6,1,135,8400,8437,8446,8444,8451,8300,8345,8304,3025,3068,0,1057,1054,2422,3340,12,4
38,16,2,3,151,8100,8112,8143,8136,8135,8000,8009,8014,3191,3003,2420,3027,3020,3041,3364,12,4
421,6,10,3,7,8000,8010,9111,9104,8014,8200,8275,8233,1400,2031,3181,3047,1036,1036,3364,11,4
523,4,10,2,139,8000,8010,8009,9103,8017,8200,8275,8236,3085,3006,3031,1042,1042,1055,3363,4,7
126,1,1,3,133,8200,8230,8226,8210,8236,8300,8304,8345,2033,3181,1036,2422,0,0,3340,12,4
25,2,4,4,21,8200,8229,8226,8233,8237,8100,8126,8105,3859,0,1052,2421,3108,3158,3364,14,4
555,10,0,0,101,8100,9923,8126,8138,8106,8400,8444,8453,1054,3142,3077,3147,1001,3134,3340,4,14
69,2,6,4,123,8000,8010,8009,9105,8014,8100,8139,8135,2031,3003,0,1052,1028,1029,3340,4,7
102,7,4,0,20,8000,8005,9111,9105,8014,8100,8126,8135,1416,3111,2031,3022,1033,0,3364,4,11
62,0,2,5,82,8000,8010,9111,9105,8299,8400,8473,8446,1054,3144,1055,1001,1042,1042,3340,4,12
61,1,1,5,99,8200,8230,8226,8210,8237,8300,8345,8347,1056,2031,2055,3191,3020,3802,3340,4,12
76,4,1,5,4,8100,8128,8143,8136,8135,8300,8304,8347,1414,3191,3020,2420,0,1052,3364,11,4
145,2,4,4,108,8100,9923,8139,8138,8135,8000,8009,9103,3004,2031,1037,1042,1055,1001,3340,4,7
518,3,5,3,11,8300,8351,8304,8345,8410,8100,8126,8134,3851,3009,2055,3905,1052,0,3364,4,14
53,6,20,12,50,8400,8439,8463,8444,8451,8300,8306,8347,3107,3193,3190,3109,3860,3009,3364,4,14
69,14,22,12,283,8000,8010,8009,9105,8014,8100,8139,8135,3040,3157,3089,3135,3116,3151,3363,4,7
142,13,16,6,400,8300,8360,8304,8345,8352,8200,8275,8210,3089,3157,3102,3285,3020,3135,3363,12,4
266,6,14,10,309,8000,8010,9111,9104,8299,8400,8473,8451,3065,3053,3026,3075,3047,3071,3340,12,4
5,13,23,9,143,8000,8010,9111,9104,8014,8200,8275,8232,3078,3075,3091,3047,3053,3812,3364,11,4
62,9,11,11,246,8000,8010,9111,9104,8299,8300,8352,8304,3053,3026,3071,3812,3033,3111,3340,4,12
412,3,31,9,52,8400,8439,8446,8473,8451,8300,8313,8345,3857,3193,3107,2055,3117,3050,3364,3,4
421,7,20,10,33,8100,9923,8126,8138,8105,8200,8275,8232,1400,3190,3111,3071,3194,3026,3364,11,4
429,14,19,11,292,8100,9923,8139,8138,8135,8000,9101,9104,3026,3153,3139,3156,3085,3072,3340,4,7
134,16,12,11,356,8100,8112,8139,8138,8135,8200,8226,8210,3102,3089,3165,3020,3135,3285,3363,4,1
79,2,7,8,21,8100,8124,8126,8136,8134,8300,8313,8347,3111,2055,3157,1402,3916,0,3364,4,11
350,3,10,5,5,8200,8214,8226,8210,8237,8000,8009,8017,2055,3853,3174,3114,1052,3222,3364,7,3
81,6,6,7,168,8000,8010,8009,9103,8014,8300,8345,8347,1055,3144,3158,3078,3042,0,3363,12,4
245,2,5,6,205,8100,8112,8143,8138,8135,8300,8316,8352,3152,2033,1082,3100,1052,3111,3364,4,12
126,5,5,8,190,8200,8230,8226,8210,8236,8300,8304,8345,3814,3071,3111,3042,0,3123,3363,4,12
114,9,10,6,194,8000,8010,9111,9104,8014,8300,8304,8345,3133,3074,3078,3047,3105,3123,3340,12,4
117,2,12,4,20,8200,8214,8226,8210,8237,8400,8473,8453,3853,3117,3107,3114,3801,2055,3364,7,4
4,7,10,3,194,8100,8112,8139,8138,8135,8300,8316,8352,2033,3157,1058,3111,3100,3027,3340,12,4
45,8,8,4,182,8100,8112,8139,8138,8105,8000,8009,8017,2055,3030,3102,3020,3089,0,3363,12,4
64,8,10,2,24,8000,8010,9111,9105,8299,8300,8304,8347,2055,3123,3071,3111,3812,1412,3340,4,11
104,3,8,8,16,8200,8230,8275,8233,8232,8000,9111,9104,3147,2055,1412,3134,0,3047,3364,4,11
25,3,3,5,9,8200,8229,8226,8210,8237,8300,8313,8345,1001,3853,3157,2055,3113,0,3364,14,4
39,8,3,6,182,8000,8010,9111,9105,8299,8300,8345,8304,3078,3111,3153,3091,1036,0,3363,12,4
245,4,4,4,159,8100,8112,8143,8138,8135,8300,8316,8352,3152,2033,3100,1082,1001,0,3364,4,12
523,2,5,5,116,8000,8010,9101,9103,8014,8200,8275,8236,1055,3031,3086,3006,1083,2055,3363,4,7
81,2,7,4,184,8000,8010,8009,9103,8017,8200,8226,8210,1055,3158,3105,3042,3078,1036,3363,4,12
43,1,17,5,12,8200,8229,8275,8210,8237,8300,8313,8345,1082,3174,3853,2055,3504,3158,3364,4,14
84,9,5,5,150,8000,8010,8009,9105,8014,8100,8139,8135,3020,3146,2055,3191,1056,3151,3340,14,12
429,2,2,3,190,8100,9923,8139,8120,8135,8000,9104,9101,3085,1042,3153,3006,1038,1055,3363,4,14
76,14,5,3,43,8100,8128,8126,8138,8135,8300,8304,8347,1414,1058,3157,3020,3100,3174,3364,4,11
57,2,12,4,141,8400,8439,8463,8473,8453,8000,8009,9105,3047,3065,3068,2031,1056,0,3363,4,12
235,6,13,3,32,8400,8437,8463,8473,8453,8000,8009,9104,3071,3022,3864,3009,0,0,3364,7,4
126,1,5,7,140,8000,8010,8009,9105,8017,8200,8275,8210,1036,2033,3142,1001,3147,1029,3340,4,14
102,7,6,5,44,8100,8128,8126,8138,8135,8200,8275,8210,1402,0,3916,3020,3115,0,3364,4,11
39,6,3,3,167,8000,8010,9111,9104,8299,8300,8304,8345,3071,3153,1029,3091,2422,2055,3340,12,4
157,4,7,7,135,8000,8010,9111,9104,8014,8100,8139,8135,1054,3123,3046,1055,3006,1038,3363,4,3
497,0,14,4,7,8400,8465,8446,8444,8453,8200,8275,8234,3174,2031,3853,2055,1029,3158,3364,4,14
3,4,12,3,137,8300,8360,8304,8316,8352,8200,8210,8275,2033,3157,3152,0,3020,1082,3340,4,12
516,5,4,4,133,8400,8437,8446,8429,8451,8300,8345,8304,1054,3068,3047,3010,3076,1057,3363,12,4
64,9,11,4,25,8000,8010,9111,9105,8014,8300,8304,8347,3071,2055,1400,3133,1053,3111,3340,4,11
38,1,7,10,158,8100,8112,8143,8136,8106,8000,8009,8014,1082,3040,3027,3020,3057,3113,3364,12,4
104,9,9,4,60,8200,8230,8275,8233,8232,8000,9111,9104,3812,3156,3071,1412,0,3111,3364,4,11
875,10,5,4,188,8000,8010,9111,9105,8299,8400,8473,8451,3153,1037,3047,3052,3812,3071,3364,12,4
96,3,11,4,213,8000,8008,9101,9103,8014,8200,8275,8236,1054,3153,3006,3124,3091,0,3363,7,4
117,2,15,4,33,8400,8465,8446,8473,8242,8200,8210,8236,3504,3174,3158,1033,2055,3860,3364,3,4
497,1,18,4,33,8400,8465,8401,8473,8451,8000,8009,9105,3860,3050,3107,1028,3111,0,3364,4,14
64,7,5,4,47,8000,8010,9111,9105,8014,8300,8304,8347,3047,1412,0,3071,3814,1031,3340,4,11
110,4,7,9,184,8200,8229,8226,8210,8236,8000,8009,8017,2033,3134,3133,3147,3179,3158,3363,12,4
68,10,9,4,242,8400,8437,8401,8473,8451,8100,8139,8135,3108,3151,3020,3089,3135,3165,3364,12,4
39,4,6,4,211,8000,8010,9111,9103,8014,8300,8345,8352,3071,3153,3047,3091,0,0,3340,14,4
421,4,4,5,50,8000,8010,9111,9105,8299,8200,8232,8275,1412,2421,0,3814,1031,3047,3364,11,4
117,2,7,5,11,8200,8214,8226,8234,8237,8400,8473,8453,3853,2055,3114,3801,3504,3009,3364,4,7
67,3,3,5,207,8000,8005,9101,9104,8014,8100,8139,8135,3006,3124,3153,3086,3123,0,3363,4,3
58,5,2,10,141,8000,8010,9111,9104,8014,8100,8139,8135,3047,3153,3071,1028,1036,1055,3340,12,4
61,3,5,5,178,8200,8230,8226,8210,8237,8300,8345,8347,3285,2055,1058,1056,3047,3157,3363,3,4
39,11,5,6,248,8000,8010,9111,9105,8014,8300,8304,8345,3047,3077,3153,1055,3078,3052,3340,12,4
41,7,8,3,237,8400,8437,8446,8444,8453,8300,8345,8352,3078,3508,0,3123,3031,3047,3363,12,4
120,6,9,1,33,8000,8010,9111,9105,8014,8200,8275,8234,1401,3078,3065,3047,1029,0,3364,14,11
350,3,18,2,5,8200,8229,8226,8210,8236,8000,8009,8017,3853,3174,0,3801,1004,3504,3364,3,14
81,3,13,5,136,8000,8010,8009,9103,8014,8200,8226,8210,3158,3025,1053,1054,3123,3042,3363,4,7
238,6,4,4,159,8000,8010,8009,9104,8014,8200,8210,8236,3179,2031,3142,3158,1036,1036,3364,14,4
107,3,1,6,132,8000,8010,9111,9103,8299,8400,8473,8453,1055,1055,3123,3071,1053,3047,3340,12,4
43,4,3,7,27,8200,8229,8226,8233,8237,8300,8345,8347,3851,2031,3158,3174,1052,1026,3340,4,14
110,1,6,4,105,8200,8229,8275,8210,8237,8300,8313,8345,3111,2424,3179,3134,1036,1036,3363,4,3
28,4,3,6,0,8100,8112,8143,8138,8105,8200,8233,8236,1402,3020,2031,1082,1058,1058,3340,11,4
235,9,10,2,30,8400,8437,8446,8444,8451,8000,9104,8009,3864,3123,2421,3022,3071,3047,3363,7,4
134,3,9,6,126,8100,8112,8126,8120,8105,8000,9105,8009,2055,3285,1056,3089,3020,0,3340,12,4
60,5,3,4,15,8100,8112,8126,8138,8105,8200,8275,8232,1402,3158,3136,3916,1029,0,3364,4,11
157,1,2,4,153,8000,8010,9111,9104,8014,8100,8139,8135,1038,3046,3006,1055,1018,1029,3340,4,14
266,9,2,2,127,8000,8010,9111,9105,8299,8100,8139,8135,2420,3812,3047,1038,3071,0,3340,12,4
154,2,10,2,14,8400,8439,8463,8429,8453,8300,8304,8347,1401,2031,3065,3047,3076,2055,3340,11,4
235,4,14,4,25,8400,8437,8463,8473,8451,8000,8009,9104,3864,3022,3009,3179,1036,2055,3364,7,4
7,7,6,3,180,8100,8112,8139,8138,8135,8300,8304,8352,3285,2033,3089,1082,3020,1052,3364,12,4
201,1,10,5,111,8400,8465,8463,8444,8451,8300,8316,8313,1054,3047,2055,1033,3109,3068,3340,4,3
122,14,5,0,198,8000,8010,9111,9104,8299,8200,8234,8275,3082,3078,3111,3053,3065,1011,3340,6,4
102,4,5,6,34,8000,8010,9111,9104,8299,8100,8135,8138,1057,3153,3111,1416,1028,0,3364,4,11
202,3,6,5,154,8000,8021,8009,9103,8017,8200,8275,8236,1055,3031,3086,3009,3123,1042,3363,4,7
516,0,3,7,154,8400,8437,8446,8473,8242,8300,8304,8352,2033,3010,3373,1054,1057,3009,3340,4,12
268,6,5,4,158,8000,8010,8009,9104,8014,8100,8139,8135,1056,3111,3115,3151,1052,1026,3363,4,21
43,1,7,6,22,8200,8229,8226,8210,8237,8300,8345,8347,3158,1028,3853,3114,3174,1029,3364,4,3
2,8,5,5,59,8000,8010,9111,9104,8014,8200,8275,8232,1412,3071,3143,3047,3052,1033,3364,11,4
157,7,6,9,216,8000,8010,9111,9104,8014,8100,8139,8135,0,3046,3006,3026,3812,3031,3363,4,3
8,5,4,5,190,8200,8230,8275,8210,8236,8300,8347,8304,3157,3152,1058,3165,0,3020,3340,4,12
34,3,12,8,49,8100,8128,8126,8120,8105,8000,8009,9104,3860,3157,2055,3151,3117,0,3364,14,4
80,5,6,8,191,8000,8010,9111,9105,8014,8300,8345,8352,0,3142,3111,3123,3156,3814,3363,14,4
41,2,11,8,199,8400,8437,8401,8444,8453,8300,8352,8345,3078,2033,3047,3110,3211,3075,3340,4,12
110,8,15,7,242,8200,8229,8226,8210,8237,8000,8009,9104,3814,3142,1037,3158,3179,3033,3363,4,12
43,9,17,3,63,8200,8229,8226,8210,8237,8300,8345,8347,3117,3041,3860,3916,3285,3174,3364,4,14
142,8,11,6,149,8200,8214,8275,8210,8237,8300,8316,8352,3157,2033,1058,3285,1058,3020,3363,4,14
104,8,11,5,46,8200,8230,8275,8233,8232,8000,9111,9104,1412,3111,1031,3033,3046,3071,3364,4,11
42,6,3,2,171,8000,8021,8009,9103,8014,8300,8345,8352,2033,3004,3078,1037,0,3020,3363,4,12
60,10,6,4,24,8200,8230,8275,8233,8232,8000,9111,9104,1414,3916,3020,1082,3115,1028,3364,4,11
126,7,11,0,161,8000,8010,9111,9104,8017,8300,8345,8352,3111,3142,2033,3071,3033,3134,3363,4,12
497,2,7,3,23,8400,8465,8446,8473,8453,8100,8136,8106,3111,3860,2055,3050,1004,0,3364,14,4
29,6,10,0,155,8000,8008,9101,9103,8014,8300,8304,8345,1055,3153,2055,1037,3085,3006,3363,7,4
57,2,2,5,109,8400,8437,8446,8429,8451,8200,8226,8210,1054,3047,3068,1033,1028,0,3340,12,4
21,2,2,8,136,8000,8005,8009,9103,8017,8200,8275,8236,0,1055,2031,3508,3006,1055,3363,7,4
104,3,5,7,30,8200,8230,8275,8233,8232,8000,9111,9104,1412,3071,1001,1036,1042,0,3364,11,4
69,2,0,5,163,8200,8230,8226,8210,8237,8100,8139,8135,1056,2031,3905,3003,1082,0,3340,4,12
235,0,4,6,19,8400,8437,8463,8473,8451,8000,8009,9104,2055,3022,1001,3864,1033,0,3364,1,4
64,4,5,6,26,8000,8010,9111,9105,8299,8300,8304,8347,3071,2420,3105,3133,1412,3111,3340,4,11
41,3,5,7,259,8400,8437,8446,8444,8453,8300,8352,8345,3033,2033,3142,3009,3078,3147,3364,12,4
81,3,6,4,230,8000,8010,8009,9103,8014,8200,8210,8226,3812,3158,3025,3033,3042,0,3363,4,7
111,1,10,7,33,8400,8439,8401,8473,8451,8300,8313,8316,3109,3193,3860,1033,3111,0,3364,14,4
127,9,3,6,227,8400,8439,8446,8473,8451,8200,8226,8210,3157,3285,3152,3041,3020,1058,3340,4,14
60,14,7,6,46,8100,8112,8126,8138,8105,8200,8275,8232,3151,3191,3165,1414,3065,3158,3364,4,11
157,4,7,3,217,8000,8010,9111,9105,8014,8100,8139,8135,1054,3812,2420,3031,3006,3046,3364,4,14
37,3,21,2,14,8200,8214,8226,8234,8237,8300,8345,8304,3853,3107,3190,3117,3504,0,3364,14,4
145,7,11,5,251,8100,9923,8139,8138,8135,8000,8009,9103,3006,2420,3042,3124,3115,3089,3363,4,7
8,2,10,4,221,8200,8230,8275,8210,8236,8000,9105,8014,3152,3907,2055,3020,3108,3089,3364,12,4
235,0,6,4,26,8400,8437,8463,8473,8451,8200,8226,8210,0,3052,1011,3009,0,3864,3364,3,4
427,2,7,6,20,8400,8465,8463,8473,8453,8300,8347,8321,3158,1039,3801,3174,1082,3504,3364,11,4
69,1,2,8,150,8000,8010,8009,9105,8014,8100,8139,8135,3151,2055,3040,0,0,0,3363,4,7
875,7,2,9,146,8000,8021,9111,9104,8299,8400,8473,8451,3071,3153,3047,3076,0,0,3340,4,12
236,4,5,7,181,8000,8005,9111,9104,8014,8200,8275,8236,3812,1018,3047,3508,1055,1042,3363,4,14
429,8,5,5,172,8100,9923,8139,8138,8135,8000,9101,9104,3085,0,3153,1055,3006,1053,3363,12,4
421,8,10,1,19,8000,8010,9111,9105,8014,8200,8275,8232,1400,3047,3071,3814,0,0,3364,4,11
432,1,18,2,34,8400,8465,8463,8473,8451,8100,8105,8136,3859,3742,0,3117,3024,1027,3364,4,14
110,13,4,3,199,8200,8229,8226,8233,8237,8000,8009,8014,3142,2033,3158,3814,3179,3133,3363,12,4
7,4,12,3,173,8100,8112,8139,8138,8135,8200,8226,8210,3916,1058,3020,1026,3285,1052,3340,4,14
62,1,2,5,138,8000,8010,9111,9105,8014,8300,8304,8345,2033,3140,3153,1055,3111,3044,3340,12,4
43,0,4,6,22,8200,8214,8226,8210,8237,8400,8453,8473,3174,3801,3853,0,1057,3158,3364,4,7
145,5,2,7,196,8100,9923,8139,8120,8135,8200,8275,8232,3124,3140,3042,3006,3101,1033,3340,7,4
157,3,1,4,195,8000,8010,9111,9104,8014,8100,8139,8135,3046,3091,3111,1018,1037,1055,3364,4,14
9,4,3,6,23,8100,8112,8126,8138,8106,8300,8347,8313,2424,2055,3151,3020,1402,1052,3330,4,11
81,13,7,1,191,8000,8010,8009,9103,8014,8300,8304,8347,1055,3078,3153,3158,1038,3042,3363,4,7
12,0,18,1,27,8400,8439,8463,8429,8451,8300,8306,8321,3860,3050,2421,3117,3067,2055,3364,4,3
35,5,6,4,22,8100,8112,8143,8138,8105,8000,9104,8014,3146,2031,3020,1402,3133,0,3364,14,11
82,8,2,4,210,8000,8010,9111,9104,8299,8100,8139,8135,3157,1026,1052,3047,3151,3115,3340,12,4
142,2,8,3,158,8200,8214,8275,8233,8237,8300,8345,8352,2033,3285,3916,1056,3041,3020,3340,4,3
9,4,12,6,38,8100,8112,8126,8138,8106,8200,8233,8275,3157,3020,3136,1402,2055,3102,3330,4,11
82,10,7,3,217,8000,8010,9111,9105,8299,8100,8139,8135,3089,3065,3151,3111,3116,1026,3340,4,12
53,1,14,3,49,8400,8439,8463,8444,8451,8000,8009,9105,3860,2055,3024,3109,3050,3009,3364,4,14
91,9,8,5,210,8100,8112,8139,8138,8106,8200,8224,8233,3147,3142,3077,3814,3117,3179,3364,14,4
119,10,9,2,238,8100,9923,8139,8138,8105,8000,8009,9103,3156,3094,3814,3042,1018,3006,3363,7,4
222,3,8,8,197,8000,8008,9111,9103,8014,8200,8275,8236,3086,1042,3123,3085,3031,3006,3363,7,4
268,6,7,9,229,8000,8008,8009,9104,8014,8200,8226,8210,3111,2055,3157,3115,3089,3135,3363,4,12
432,3,9,3,52,8400,8465,8463,8473,8451,8100,8105,8136,3860,3117,2055,3742,3102,3801,3364,4,14
102,7,6,8,88,8100,8128,8139,8120,8135,8300,8304,8347,1402,3115,3165,3102,3020,2055,3363,11,4
78,0,7,6,189,8400,8437,8401,8444,8453,8300,8345,8352,2033,2421,1057,3065,3047,3068,3340,4,12
119,2,9,3,169,8100,9923,8139,8138,8135,8000,8009,9103,3004,3142,1055,1053,3006,0,3363,7,4
102,4,8,2,10,8100,8128,8139,8120,8135,8300,8304,8347,1402,3115,3020,1029,0,2055,3364,11,4
120,8,2,1,142,8000,8010,8009,9105,8299,8200,8275,8234,3078,2033,0,3047,3110,3211,3340,6,14
268,4,7,2,166,8000,8008,8009,9104,8014,8200,8226,8210,3006,3165,2055,3115,1056,0,3340,4,12
111,2,10,2,31,8400,8439,8463,8473,8242,8300,8306,8321,0,3193,3859,1029,1028,3117,3364,4,14
68,3,2,3,153,8200,8229,8275,8233,8236,8100,8138,8135,3151,3916,0,1026,1082,3020,3340,4,14
107,3,2,7,7,8000,8010,9111,9104,8014,8100,8143,8105,3147,3077,3134,0,1041,1001,3364,4,11
412,0,2,3,26,8400,8439,8463,8473,8451,8300,8313,8347,3857,3193,2055,3009,0,0,3364,4,14
164,3,2,4,143,8000,8010,9111,9103,8299,8300,8304,8345,3077,3047,3078,1055,0,1055,3363,12,4
523,1,2,3,155,8000,8010,9101,9103,8017,8200,8236,8275,3031,0,1018,1042,1055,3006,3363,4,7
48,4,5,7,23,8000,8005,9111,9105,8299,8200,8275,8234,1028,3153,3748,3047,3706,0,3364,4,11
235,2,13,9,30,8400,8437,8446,8473,8451,8000,8017,8009,3009,3864,2055,3123,3067,3022,3364,4,7
875,9,1,8,169,8000,8010,9111,9104,8299,8300,8304,8347,3742,3153,3071,3009,3211,1033,3340,4,12
57,2,10,11,119,8400,8439,8446,8473,8453,8000,8009,9105,1054,3047,3068,3065,1028,3082,3363,12,4
134,3,8,7,207,8200,8229,8226,8210,8236,8300,8304,8345,1056,3102,3089,3285,0,3020,3363,4,12
516,5,12,5,148,8400,8437,8446,8473,8451,8300,8345,8304,3076,3379,3373,1054,3109,3047,3340,4,12
84,14,9,5,177,8000,8010,8009,9105,8014,8400,8473,8451,3157,3165,3146,3111,1058,0,3364,12,4
104,7,16,4,67,8200,8230,8275,8233,8232,8000,9111,9104,1412,3111,3380,3812,3046,0,3364,11,4
412,1,31,3,29,8400,8439,8446,8473,8451,8300,8313,8316,2065,3193,2055,3067,3009,3857,3364,14,4
429,15,18,3,219,8100,9923,8139,8138,8106,8000,9101,9104,1055,3389,3812,3006,3033,3085,3363,7,4
60,5,3,8,9,8100,8112,8126,8138,8105,8200,8275,8232,1414,1082,3108,3916,3191,3020,3364,11,4
82,5,8,3,156,8000,8010,9111,9104,8299,8100,8139,8135,3191,3151,3047,3108,3076,3116,3340,12,4
40,3,13,5,33,8400,8465,8463,8473,8453,8100,8136,8134,3107,3860,0,3158,3504,1004,3364,4,7
110,5,8,2,197,8000,8008,9101,9104,8017,8200,8275,8236,3153,2421,0,3124,3086,3006,3363,3,4
157,9,5,3,189,8000,8010,9111,9104,8299,8100,8139,8135,3046,3006,3812,3031,1055,0,3340,14,4
111,3,9,6,38,8400,8439,8463,8473,8242,8300,8306,8347,3860,3800,2055,1031,2421,3117,3364,4,14
203,4,10,6,33,8000,8005,9111,9104,8014,8100,8143,8105,3153,3044,2031,1412,1001,3067,3364,4,11
62,3,6,6,152,8000,8010,9111,9104,8299,8300,8345,8352,3153,2033,3123,3044,3047,3101,3363,12,4
55,7,7,5,130,8000,8010,9111,9105,8014,8100,8143,8135,2421,3146,1058,3020,3916,1058,3340,4,14
523,4,7,4,198,8000,8010,9101,9103,8014,8200,8275,8236,3006,3031,3085,1053,1036,1055,3363,4,7
9,5,7,4,11,8100,8112,8126,8138,8106,8200,8275,8233,1402,3020,0,1052,3165,0,3330,11,4
68,6,8,2,148,8200,8229,8275,8233,8236,8100,8138,8135,2420,3151,1054,3020,3165,1082,3363,4,14
429,3,3,1,184,8100,9923,8139,8138,8135,8000,9101,9104,1055,3085,3153,3006,2055,0,3363,4,7
12,0,8,1,22,8400,8439,8446,8473,8453,8300,8306,8347,3860,3050,0,3117,0,0,3364,4,14
126,6,7,1,207,8200,8230,8226,8233,8236,8300,8304,8345,3123,3047,3142,1055,3147,3814,3363,4,12
134,1,4,8,148,8100,8112,8139,8138,8135,8200,8275,8210,1056,2003,3285,3020,3916,1026,3340,12,4
64,5,3,5,19,8000,8010,9111,9104,8014,8300,8304,8321,2055,3077,3814,1412,2422,0,3340,11,4
16,0,4,2,35,8200,8214,8226,8210,8236,8400,8473,8453,3111,3860,2055,3174,1006,1004,3364,7,4
81,0,4,1,182,8000,8010,8009,9103,8014,8200,8226,8210,2055,3004,3025,1001,1053,1055,3363,4,12
120,3,1,4,148,8000,8010,8009,9105,8299,8200,8275,8234,1055,3047,3078,3082,0,2033,3363,6,14
121,5,2,6,14,8000,8010,9111,9105,8299,8300,8304,8347,1412,3155,3077,3047,3134,1036,3364,4,11
98,2,7,8,144,8400,8437,8401,8444,8453,8100,8126,8106,3748,1001,3143,1054,0,0,3340,4,12
245,2,0,3,221,8100,8112,8143,8120,8135,8300,8352,8316,2033,2421,3152,3100,3111,1082,3340,4,12
44,0,7,6,29,8400,8465,8463,8473,8453,8000,8009,9105,2065,3857,2031,3111,1029,2055,3364,7,4
429,3,3,6,189,8100,9923,8139,8138,8106,8000,9101,9104,1054,3006,3153,3124,1036,3123,3363,1,4
42,6,12,2,172,8000,8021,8009,9103,8014,8200,8226,8236,3020,3042,2055,1038,3078,1036,3363,12,4
110,3,13,3,157,8200,8229,8226,8210,8237,8000,8009,8017,3158,3142,3147,1055,0,0,3363,4,7
432,6,15,2,18,8100,8112,8126,8136,8106,8200,8232,8275,3853,0,3107,2420,3117,3174,3364,14,4
85,10,10,1,189,8000,8010,9111,9104,8014,8100,8135,8138,3135,3152,3157,3108,1026,3020,3364,12,4
141,4,12,4,32,8100,8128,8143,8138,8105,8200,8233,8275,1400,3077,3071,1001,1036,1029,3364,11,4
432,2,11,0,38,8400,8465,8463,8473,8451,8100,8105,8136,3117,3086,3859,3742,0,0,3364,14,4
523,7,4,4,193,8000,8010,9101,9103,8017,8200,8275,8236,3006,3031,3046,1055,3086,1042,3363,4,7
517,10,5,6,142,8000,8010,8009,9105,8299,8200,8226,8210,3157,2033,3152,3151,3111,1082,3364,4,14
266,1,10,2,157,8000,8010,9111,9104,8299,8400,8444,8453,3071,1054,3111,3052,3133,1037,3340,4,12
102,8,4,2,45,8000,8005,9111,9105,8014,8100,8126,8135,1416,3091,3022,1001,3742,0,3364,4,11
43,1,3,6,118,8200,8214,8275,8210,8236,8400,8453,8429,1001,3174,3504,0,0,0,3363,4,12
81,2,2,4,202,8000,8010,8009,9103,8014,8300,8347,8345,3042,3078,3111,1053,1042,1055,3363,4,7
141,6,3,5,59,8100,8128,8143,8136,8105,8000,8009,8014,3142,1400,1001,3147,3123,1036,3364,4,11
38,5,2,8,162,8000,8021,8009,9105,8014,8100,8139,8135,3027,3020,3057,3113,3003,0,3340,4,12
3,0,3,5,28,8400,8439,8463,8444,8242,8200,8275,8234,2055,3860,2065,1031,3111,0,3364,14,4
24,3,5,7,231,8000,8010,9111,9104,8299,8300,8304,8352,3071,3153,3091,3211,3067,3111,3340,14,4
16,1,3,12,34,8200,8214,8226,8210,8237,8400,8473,8453,3174,3860,3107,2055,0,3158,3364,21,4
134,2,5,11,148,8100,8112,8139,8138,8135,8200,8226,8210,1056,3102,1052,3020,3285,1028,3363,12,4
523,0,6,10,156,8000,8010,9101,9103,8014,8200,8236,8275,1055,3006,1037,3508,3086,2015,3363,7,4
141,7,4,9,25,8100,8128,8143,8138,8105,8200,8275,8236,1400,3071,3065,3111,1029,3123,3364,4,11
67,0,0,1,4,8000,8005,9101,9104,8014,8100,8139,8135,1055,2003,0,0,0,0,3340,4,21
27,3,16,3,198,8000,8010,9111,9105,8299,8100,8139,8135,1082,3075,3116,3009,3151,0,3340,4,14
245,26,8,1,105,8100,8128,8143,8138,8135,8300,8321,8304,1402,3152,3089,3100,3020,3135,3364,11,4
235,6,33,2,78,8400,8437,8463,8473,8453,8000,9104,8009,3009,3022,3071,2015,1018,3123,3363,4,7
555,14,11,6,170,8100,9923,8126,8138,8106,8400,8444,8453,3179,3142,3077,3147,3047,3814,3364,4,14
126,6,3,6,225,8200,8230,8226,8233,8236,8300,8304,8345,3814,3142,3133,3155,3111,3042,3340,4,12
67,5,5,7,175,8000,8005,9101,9104,8014,8200,8236,8275,3140,3153,3006,3046,1037,1018,3363,4,7
9,2,10,10,28,8100,8124,8126,8120,8134,8300,8347,8321,3157,3020,2055,3916,0,1402,3330,11,4
202,4,7,7,181,8000,8021,8009,9103,8014,8200,8275,8236,3087,3095,0,1054,3094,3009,3363,7,4
25,2,5,5,13,8400,8465,8446,8444,8451,8300,8313,8345,3158,3157,3801,3853,0,0,3364,14,4
3,6,15,6,209,8300,8360,8304,8316,8347,8200,8275,8210,3157,3152,3089,3020,3916,2421,3340,4,12
51,10,8,1,236,8000,8021,9111,9103,8014,8200,8275,8236,1055,3031,3006,3094,3086,3095,3363,4,7
64,10,10,7,29,8000,8010,9111,9105,8299,8300,8304,8347,3812,0,3047,1412,0,3071,3340,4,11
43,3,17,3,17,8200,8229,8226,8233,8237,8100,8139,8106,3853,3174,3117,3504,3114,2055,3364,4,14
31,6,4,3,193,8200,8229,8275,8210,8236,8100,8139,8106,3285,3152,1058,1058,3020,0,3340,4,12
121,7,12,11,184,8000,8010,8009,9104,8014,8300,8345,8352,3071,3814,3147,0,3077,3047,3364,4,14
79,4,17,9,41,8100,8124,8143,8138,8134,8300,8313,8347,2055,3157,3020,3102,1402,1052,3364,11,4
432,1,20,6,53,8100,8112,8139,8136,8134,8400,8473,8451,3860,2055,2421,3117,3108,3742,3364,4,14
62,7,4,6,209,8000,8010,9111,9105,8299,8300,8304,8345,3153,3812,3123,3071,1036,3047,3340,12,4
81,9,8,8,257,8000,8010,9101,9103,8014,8200,8226,8210,3155,3153,3033,3078,3158,3042,3363,4,12
64,11,14,8,32,8000,8010,9111,9104,8014,8300,8304,8347,1412,3071,3133,3047,3026,3155,3340,4,11
245,20,10,4,242,8100,8112,8143,8138,8135,8300,8304,8316,3152,3157,3089,3041,3100,3020,3364,4,12
420,3,12,7,235,8000,8010,8009,9105,8299,8100,8139,8135,2033,3071,3076,1038,3812,3111,3340,4,12
111,2,19,5,164,8400,8439,8401,8473,8453,8300,8313,8345,3193,3800,3067,3047,3068,2055,3364,14,4
235,4,28,4,36,8400,8437,8446,8473,8451,8000,8009,9104,3067,3044,3864,3009,3022,3814,3363,7,4
22,5,13,3,193,8200,8229,8226,8210,8237,8000,8009,9103,3006,3078,3508,2055,1036,1055,3363,4,7
2,11,3,3,38,8000,8010,9111,9104,8014,8200,8275,8232,1400,3024,3143,3047,0,3065,3364,11,4
131,4,6,6,131,8200,8230,8226,8233,8236,8400,8401,8473,1056,0,3152,1056,3020,3165,3340,4,12
412,2,15,2,26,8400,8439,8446,8473,8242,8300,8313,8345,3857,3193,0,2055,3009,3107,3364,14,4
266,9,7,1,196,8000,8010,9111,9104,8299,8400,8444,8451,3026,3071,3067,3812,3047,0,3340,4,12
78,1,8,7,120,8400,8437,8401,8473,8453,8300,8345,8352,2033,3068,3076,1028,3047,3211,3340,4,12
51,3,1,5,198,8000,8021,9101,9103,8014,8200,8236,8275,3031,3046,3123,3006,1054,2055,3363,4,7
875,4,3,7,175,8000,8010,9111,9104,8014,8200,8234,8275,1053,3105,3153,3133,3047,3123,3363,4,14
245,6,2,5,51,8100,8112,8143,8138,8135,8300,8304,8347,3152,3113,3057,1402,3020,1026,3364,4,11
99,1,9,7,27,8400,8465,8401,8473,8453,8100,8139,8105,3860,3174,3158,2055,3113,3114,3364,4,14
240,3,6,7,128,8000,8010,9111,9104,8299,8200,8210,8236,1055,3077,1055,3071,3047,3133,3340,12,4
268,2,2,6,208,8000,8008,8009,9104,8014,8200,8226,8210,3115,3102,3020,1056,1058,1026,3363,4,12
202,4,4,3,170,8000,8021,9101,9103,8014,8200,8275,8236,1038,3508,0,3009,3086,1037,3363,4,7
421,5,1,5,40,8000,8010,9111,9104,8014,8200,8275,8232,1400,2421,2031,3071,0,3111,3364,4,11
43,1,9,3,40,8200,8214,8226,8210,8236,8300,8347,8313,3860,3174,2055,1001,0,3504,3364,4,3
28,4,7,1,15,8100,8112,8143,8120,8135,8300,8304,8347,1402,2031,3041,2422,3089,1052,3340,4,11
432,4,10,3,14,8200,8229,8226,8234,8237,8400,8444,8453,3742,3009,3853,3174,3114,0,3364,14,4
62,8,6,4,185,8000,8010,9111,9104,8299,8300,8304,8345,3105,3153,3047,3071,1055,3133,3340,4,12
119,2,6,4,159,8000,8010,9111,9104,8014,8200,8275,8236,1055,0,1001,3181,1042,3031,3363,4,7
131,6,8,3,165,8000,8010,8009,9105,8014,8100,8139,8135,3152,2421,3020,1056,3115,3108,3363,12,4
266,0,1,6,167,8000,8010,9111,9105,8299,8400,8473,8451,3133,3123,3071,1036,3047,1054,3340,4,12
69,10,2,7,124,8000,8010,8009,9105,8299,8100,8139,8135,2421,3040,3089,0,3165,0,3363,4,3
81,1,3,4,162,8000,8008,8009,9103,8014,8200,8226,8210,1055,1042,3044,3158,3057,3042,3363,4,7
5,3,3,5,16,8200,8230,8275,8234,8232,8000,9111,9104,1412,2031,3111,3057,3044,0,3364,11,4
235,1,8,8,18,8300,8351,8313,8345,8410,8000,8009,8017,3009,0,3864,3134,1036,3179,3364,3,4
120,10,6,2,175,8000,8010,8009,9105,8299,8200,8275,8234,3047,2033,1057,3078,1043,3110,3340,6,14
35,9,12,3,23,8100,8128,8126,8138,8105,8000,9104,8014,3030,3020,1402,3136,1026,0,3364,14,11
517,4,9,8,103,8000,8010,8009,9105,8299,8200,8226,8210,3157,2033,3152,1001,1082,1052,3364,4,12
145,5,4,2,154,8100,9923,8139,8138,8135,8000,8009,9103,1055,3004,2055,3124,3123,3006,3363,4,7
432,2,14,0,37,8400,8465,8463,8473,8453,8100,8136,8105,3742,2031,0,3860,3114,3009,3364,4,14
81,5,9,9,248,8000,8010,8009,9103,8014,8200,8210,8226,3153,3033,0,3158,3042,3078,3363,4,3
432,5,9,4,57,8400,8439,8463,8473,8453,8100,8136,8105,3860,3742,3108,3091,3117,1004,3364,14,4
105,5,11,11,186,8100,8112,8143,8136,8135,8000,8009,8014,3100,3152,3157,3111,3165,0,3364,14,4
114,6,7,6,305,8000,8010,9111,9105,8299,8300,8304,8345,3074,3053,3133,3026,3111,3078,3363,12,4
245,8,11,7,107,8100,8128,8143,8138,8135,8300,8304,8347,3152,3135,3165,3100,1414,3111,3364,11,4
412,0,24,4,32,8400,8439,8463,8473,8451,8300,8313,8345,2055,3193,3107,3067,3111,3857,3364,14,4
31,4,13,6,203,8400,8437,8446,8444,8451,8200,8226,8210,1011,3800,3075,3047,3067,3193,3340,4,12
517,15,8,8,211,8000,8010,8009,9105,8299,8100,8139,8135,3157,3152,3089,3285,3111,3916,3364,4,12
203,9,16,7,88,8000,8005,9111,9104,8299,8100,8143,8105,3153,3026,3085,3006,1412,3071,3364,4,11
119,9,8,4,288,8100,9923,8139,8138,8106,8000,9111,9104,3006,3142,3042,3814,3181,3147,3363,4,7
82,3,12,8,214,8000,8010,9111,9104,8299,8400,8473,8451,3115,3151,3047,0,3116,3157,3340,4,12
98,2,21,5,43,8400,8439,8401,8473,8242,8100,8106,8126,3857,3047,3083,3109,3082,1011,3364,4,14
69,8,14,5,288,8000,8010,8009,9105,8014,8100,8139,8135,3040,2421,3089,3151,3135,3116,3363,4,12
236,12,5,5,210,8000,8005,8009,9104,8014,8300,8304,8345,3123,3153,3086,3031,3508,3047,3363,4,3
2,10,8,5,52,8000,8010,9111,9104,8299,8300,8304,8410,1413,3071,0,3047,3812,3052,3364,4,11
13,8,10,11,225,8200,8230,8226,8210,8236,8100,8139,8135,3040,3157,3140,1026,3165,3111,3363,12,4
104,3,10,7,95,8200,8230,8275,8233,8232,8000,9111,9104,3111,3812,3123,1412,3071,3155,3364,4,11
62,7,9,6,176,8000,8010,9111,9104,8014,8300,8345,8352,3071,3111,3053,0,3812,0,3364,4,12
157,9,6,5,255,8000,8010,9101,9104,8014,8100,8139,8135,3140,3031,3812,3006,3046,3026,3363,4,3
412,1,12,6,37,8400,8465,8463,8473,8453,8300,8306,8345,3107,3009,3857,3050,3801,0,3364,14,4
62,3,5,5,153,8000,8010,9111,9104,8299,8300,8304,8345,3153,3071,3047,1055,1055,1036,3340,12,4
497,3,7,6,31,8400,8465,8401,8473,8453,8300,8313,8347,2065,3191,2424,3117,3108,3860,3364,14,4
21,2,3,4,149,8000,8005,9101,9103,8017,8200,8275,8236,1055,1055,3508,1001,1038,0,3363,7,4
64,6,6,7,12,8000,8010,9111,9104,8014,8100,8143,8105,2031,1412,0,3047,3071,3105,3340,4,11
3,3,7,6,123,8400,8439,8401,8444,8242,8200,8275,8233,3020,1026,3152,3916,1056,0,3363,12,4
432,6,12,5,28,8300,8358,8313,8345,8410,8400,8473,8453,3742,2424,3107,3860,3117,2015,3364,14,4
54,2,6,4,139,8400,8437,8446,8473,8451,8300,8345,8304,3025,3068,3076,3047,1057,2055,3340,12,4
67,6,11,5,145,8000,8005,9101,9104,8014,8100,8143,8135,1055,3006,3153,3124,0,0,3340,4,1
104,6,9,2,29,8200,8230,8275,8233,8232,8000,9111,9104,1412,3047,3105,3071,2055,3133,3364,11,4
81,8,10,1,168,8000,8010,8009,9103,8017,8200,8236,8226,1055,3042,3025,3812,3111,2421,3363,7,4
8,5,12,4,142,8200,8230,8275,8210,8236,8300,8304,8347,3157,3152,1052,1056,3020,1026,3340,4,14
64,14,8,1,24,8000,8010,9111,9104,8299,8300,8304,8347,2055,3053,3812,3071,1412,3111,3340,4,11
119,4,7,8,160,8100,9923,8126,8138,8106,8000,8009,9103,3042,3153,1055,3123,3006,0,3340,7,4
57,5,15,2,144,8400,8437,8446,8473,8451,8200,8226,8210,0,2420,3047,3068,3076,3001,3364,12,4
111,1,15,9,33,8400,8439,8401,8473,8453,8300,8313,8316,3193,3860,3109,1033,3117,1029,3364,14,4
266,4,5,6,159,8000,8010,9111,9105,8299,8400,8473,8453,3812,3071,1033,3111,3123,0,3340,12,4
517,9,3,8,158,8000,8010,8009,9105,8014,8300,8345,8352,3152,3157,2033,1026,3916,3111,3340,4,14
223,2,9,7,113,8400,8465,8446,8444,8453,8300,8313,8410,0,3068,1054,3211,3047,3067,3364,4,3
235,2,13,5,32,8400,8437,8446,8473,8451,8000,9104,8009,1001,3022,3864,3071,0,2055,3364,7,4
35,7,9,3,20,8100,8128,8126,8138,8105,8000,9104,8014,3030,3158,1402,3136,1082,1052,3364,14,11
12,5,9,7,43,8400,8439,8446,8473,8242,8300,8321,8306,2055,3050,3109,3117,3114,3860,3364,14,4
157,1,12,11,207,8000,8010,9111,9104,8014,8100,8139,8135,3140,3091,1038,3046,1018,3006,3364,4,14
21,3,3,7,288,8000,8005,9101,9103,8014,8200,8275,8236,3508,3156,3111,0,3031,1033,3363,4,7
98,4,8,8,169,8400,8437,8401,8444,8451,8100,8126,8106,3748,1031,2421,3047,1011,3194,3340,4,14
245,6,9,4,51,8100,8128,8143,8138,8135,8300,8304,8347,0,3152,3157,3100,3111,1414,3364,4,11
82,15,9,6,228,8000,8010,9111,9104,8299,8400,8473,8451,3089,1057,3157,3151,3047,3135,3340,4,14
35,7,18,0,37,8100,8128,8126,8138,8105,8000,9104,8014,3030,3157,3020,1082,1402,3151,3364,14,11
110,4,15,3,286,8200,8229,8226,8210,8237,8000,8009,8017,3134,3179,3142,3814,3033,3009,3363,7,4
79,4,15,4,43,8400,8439,8463,8444,8451,8300,8347,8313,3193,3157,3860,3158,3024,3067,3364,3,4
92,7,8,6,247,8000,8010,9111,9104,8014,8300,8321,8347,3053,3812,1038,3071,3047,3133,3364,4,12
141,7,1,7,40,8000,8010,9111,9104,8299,8300,8304,8347,1400,3047,2055,3211,3123,3071,3364,4,11
106,3,2,8,130,8000,8010,9111,9105,8299,8400,8473,8451,3078,2055,3082,1054,1028,3111,3340,4,12
16,0,5,5,125,8200,8214,8226,8210,8236,8400,8429,8453,0,0,3107,1056,3174,3158,3363,7,4
79,1,5,8,32,8400,8439,8446,8444,8453,8300,8347,8313,2424,3860,3024,3158,1057,3067,3364,3,4
13,4,2,5,220,8200,8230,8226,8210,8237,8100,8139,8135,2031,3040,3020,1058,1082,3027,3363,4,12
429,18,7,2,176,8100,9923,8139,8138,8135,8000,9101,9104,3072,3006,3153,3123,3085,0,3363,7,4
98,5,14,5,153,8400,8437,8401,8429,8451,8100,8126,8106,3748,2031,2055,3742,3047,0,3340,4,14
20,3,12,4,14,8400,8439,8463,8429,8453,8200,8275,8232,1401,3065,3111,1028,3076,1029,3364,11,4
38,5,6,2,198,8000,8021,8009,9105,8014,8100,8139,8135,3027,1001,2055,3003,3157,0,3340,12,4
44,2,25,2,29,8400,8465,8463,8429,8453,8000,8009,9105,3860,2065,3050,2055,3047,0,3364,4,14
134,1,1,1,120,8200,8229,8226,8210,8237,8300,8345,8347,1082,1026,3802,1056,3111,0,3340,12,4
120,6,2,0,129,8000,8010,8009,9105,8299,8200,8275,8234,3047,2033,0,3078,1029,0,3340,6,14
43,0,6,1,95,8200,8214,8226,8210,8236,8400,8429,8453,2055,3158,3114,1056,3174,0,3364,4,12
432,0,6,0,24,8400,8465,8463,8473,8453,8300,8410,8345,3117,1029,1028,3859,0,0,3364,3,4
104,5,3,0,27,8200,8230,8275,8233,8232,8000,9111,9104,1412,3044,3047,3067,2055,0,3364,11,4
69,0,1,2,130,8000,8010,8009,9105,8014,8100,8139,8135,3003,2031,3108,0,0,0,3340,12,4
61,0,1,2,134,8300,8360,8313,8345,8352,8200,8237,8226,2423,3802,2033,1082,3111,1052,3340,12,4
16,1,1,2,17,8200,8214,8226,8210,8237,8400,8473,8453,3859,2055,3174,0,1001,0,3364,4,7
62,0,0,3,114,8000,8010,9111,9104,8299,8300,8304,8352,2033,3077,3044,1055,2422,3067,3340,4,14
141,1,0,3,16,8000,8010,9111,9104,8014,8100,8138,8135,1412,1028,0,3111,1029,1029,3364,11,4
12,0,4,3,16,8400,8439,8446,8473,8242,8300,8321,8306,2055,3117,3024,1029,0,3859,3364,14,4
15,0,1,3,114,8000,8008,9111,9103,8014,8200,8275,8236,1055,1038,2031,3123,3006,0,3340,7,4
163,2,2,5,97,8100,8128,8126,8138,8135,8200,8233,8236,3020,3030,2055,0,1082,0,3340,7,4
62,2,2,4,99,8000,8010,9111,9104,8299,8400,8473,8451,3153,1055,2031,1055,1036,3047,3340,4,12
35,2,4,3,7,8100,8128,8126,8138,8105,8000,9104,8014,1402,3802,3158,0,1082,0,3364,14,11
16,0,8,0,112,8200,8214,8226,8210,8237,8400,8444,8453,1056,3174,3158,3114,3801,2055,3363,7,4
107,5,3,3,125,8000,8010,9111,9104,8299,8400,8473,8453,3153,1029,0,1055,1055,1001,3340,4,12
42,3,2,0,141,8000,8021,8009,9103,8014,8300,8304,8345,0,3004,2033,3044,2422,3057,3340,4,12
555,4,4,0,20,8400,8439,8446,8473,8242,8100,8136,8106,3117,3855,3179,3134,1036,0,3364,14,4
141,6,5,3,5,8000,8010,9111,9104,8014,8100,8138,8135,1412,3211,3067,3047,0,0,3364,11,4
145,6,3,1,157,8100,9923,8139,8138,8135,8000,8009,9103,1055,3006,3004,3124,3101,1052,3363,4,7
36,7,6,2,27,8000,8010,9111,9103,8299,8300,8304,8410,1413,3065,3047,3076,1028,2055,3364,11,3
429,4,3,1,190,8100,9923,8139,8120,8135,8000,9101,9104,3181,3153,3006,1055,3086,1042,3340,4,12
111,1,12,2,27,8400,8439,8401,8444,8451,8300,8316,8313,3067,3117,3193,1031,3860,2055,3364,4,14
3,3,11,3,136,8400,8439,8446,8473,8242,8200,8226,8210,3152,1001,2055,1056,3157,0,3340,12,4
102,3,3,4,8,8000,8010,9111,9104,8299,8100,8138,8135,1419,3091,3047,2031,1029,1029,3364,11,14
106,0,2,4,128,8000,8010,9111,9105,8299,8400,8446,8444,2031,3047,3076,1054,3044,3101,3340,12,4
39,2,3,6,161,8000,8010,9111,9105,8017,8300,8345,8352,3153,1055,2033,1001,3071,0,3340,4,14
43,2,4,5,33,8200,8229,8226,8210,8237,8100,8105,8139,3859,1082,2031,3174,3009,2055,3364,4,14
81,2,3,2,149,8000,8010,8009,9103,8017,8200,8210,8226,3025,3004,3158,2055,1036,0,3363,4,7
51,6,13,4,198,8000,8021,8009,9103,8017,8200,8236,8275,3085,3123,1055,3006,3031,0,3363,7,4
16,1,20,4,20,8200,8214,8226,8210,8236,8400,8473,8453,3853,0,3174,3114,1082,3009,3364,4,21
120,11,7,6,155,8000,8010,8009,9105,8299,8300,8345,8352,3065,3123,2033,3078,3047,3110,3340,14,6
142,5,10,5,184,8300,8360,8313,8316,8347,8200,8275,8210,3030,3020,2033,3165,1058,1082,3363,4,12
28,12,11,1,22,8100,8112,8143,8138,8105,8300,8304,8347,1402,3020,3041,3089,3135,1052,3364,11,4
3,3,7,5,152,8400,8439,8446,8444,8451,8200,8275,8210,3157,3152,1052,1026,1056,3111,3363,12,4
40,0,7,8,28,8200,8229,8226,8210,8237,8100,8126,8105,0,3222,3860,3158,3801,3114,3364,4,14
429,5,6,8,142,8100,9923,8139,8136,8106,8000,9104,8014,1054,3153,3123,3006,3085,1053,3363,7,4
245,7,3,7,47,8100,8128,8143,8138,8135,8300,8304,8321,3152,3100,2420,1402,3111,2055,3364,4,11
122,3,1,7,150,8000,8010,9111,9104,8299,8200,8275,8234,1055,3111,3153,3071,0,0,3363,6,4
145,1,1,6,152,8100,9923,8139,8138,8135,8000,9103,8009,1055,3004,3006,1037,1043,0,3363,4,1
16,0,2,5,10,8200,8214,8226,8210,8237,8400,8444,8453,3174,2031,3853,2055,3158,0,3364,7,4
2,3,3,9,17,8000,8010,9111,9104,8299,8300,8304,8410,1400,3067,3047,3123,1036,3082,3364,11,4
4,2,2,4,117,8300,8360,8313,8316,8352,8400,8473,8451,3027,2423,3047,3108,1082,3191,3340,12,4
164,3,2,9,113,8000,8010,9111,9103,8299,8300,8304,8345,3077,2422,3078,1055,3123,1036,3363,12,4
120,5,9,2,169,8000,8010,8009,9105,8299,8300,8345,8352,2033,3047,2055,3110,3123,3078,3340,14,12
157,11,3,4,157,8000,8010,9111,9104,8014,8100,8139,8135,0,3031,3046,1055,1055,3006,3363,4,14
25,2,21,0,111,8300,8351,8313,8345,8352,8200,8237,8275,2424,2033,3030,3905,3158,2055,3363,4,12
235,3,23,0,11,8400,8437,8446,8473,8451,8000,8009,9104,3864,2055,3044,3022,3009,3123,3364,4,7
76,12,10,3,22,8100,8112,8143,8136,8135,8200,8275,8232,1414,2055,3157,3020,3100,0,3364,4,11
